-- [1]10:create database test_db
STRICT{
PASS
}
-- [1]14:use test_db
STRICT{
PASS
}
-- [1]32:create table t2 (     "device" STRING ID,     "type" STRING ATTRIBUTE,     "int32" INT32,     "int64" INT64,     "double" DOUBLE,     "float" FLOAT,     "boolean" BOOLEAN,     "text" TEXT,     "string" STRING,     "blob" BLOB,     "timestamp" TIMESTAMP,     "date" DATE )
STRICT{
PASS
}
-- [1]47:INSERT INTO t2(time,device,type,int32,int64,double,float,boolean,text,string,blob,timestamp,date) values (1,'d1','t1',null,-111,1.11,-1.1,0,'1.1','1.1',X'10F447',1,'1970-01-01'), (2,'d2','t2',-22,null,-2.22,2.2,1,'2.2','2.2',X'21E88E',2,'1970-01-02'), (3,'d3','t3',33,-333,null,-3.3,0,'3.3','3.3',X'32DCD5',3,'1970-01-03'), (4,'d4','t4',-44,444,-4.44,null,1,'4.4','4.4',X'42DCD5',4,'1970-01-04'), (5,'d5','t5',55,-555,5.55,-5.5,null,'5.5','5.5',X'52DCD5',5,'1970-01-05'), (6,'d6','t6',-66,666,-6.66,6.6,1,null,'6.6',X'62DCD5',6,'1970-01-06'), (7,'d7','t7',77,-777,7.77,-7.7,0,'7.7',null,X'72DCD5',7,'1970-01-07'), (8,'d8','t8',-88,888,-8.88,8.8,1,'8.8','8.8',null,8,'1970-01-08'), (9,'d9','t9',99,-999,9.99,-9.9,0,'9.9','9.9',X'92DCD5',null,'1970-01-09'), (10,'d10','t10',-10,100,-10.01,10.1,1,'10.1','10.1',X'102DCD62',11,null)
STRICT{
0
}

Elapsed Time: 0.2.26

-- [1]51:select time,int32+int32,int32+int64,int32+float,int32+double,int32+date,int32+timestamp from t2 order by time
STRICT{
time(TIMESTAMP)      |_col1(INT32)      |_col2(INT64)      |_col3(FLOAT)      |_col4(DOUBLE)      |_col5(DATE)      |_col6(TIMESTAMP)      |
-------------------------------------------------------------------------------------------------------------------------------------
1970-01-01T08:00:00.0|null              |null              |null              |null               |null             |null                  |
01+08:00             |                  |                  |                  |                   |                 |                      |
-------------------------------------------------------------------------------------------------------------------------------------
1970-01-01T08:00:00.0|-44               |null              |-19.8             |-24.22             |1970-01-01       |1970-01-01T07:59:59.98|
02+08:00             |                  |                  |                  |                   |                 |0+08:00               |
-------------------------------------------------------------------------------------------------------------------------------------
1970-01-01T08:00:00.0|66                |-300              |29.7              |null               |1970-01-03       |1970-01-01T08:00:00.03|
03+08:00             |                  |                  |                  |                   |                 |6+08:00               |
-------------------------------------------------------------------------------------------------------------------------------------
1970-01-01T08:00:00.0|-88               |400               |null              |-48.44             |1970-01-03       |1970-01-01T07:59:59.96|
04+08:00             |                  |                  |                  |                   |                 |0+08:00               |
-------------------------------------------------------------------------------------------------------------------------------------
1970-01-01T08:00:00.0|110               |-500              |49.5              |60.55              |1970-01-05       |1970-01-01T08:00:00.06|
05+08:00             |                  |                  |                  |                   |                 |0+08:00               |
-------------------------------------------------------------------------------------------------------------------------------------
1970-01-01T08:00:00.0|-132              |600               |-59.4             |-72.66             |1970-01-05       |1970-01-01T07:59:59.94|
06+08:00             |                  |                  |                  |                   |                 |0+08:00               |
-------------------------------------------------------------------------------------------------------------------------------------
1970-01-01T08:00:00.0|154               |-700              |69.3              |84.77              |1970-01-07       |1970-01-01T08:00:00.08|
07+08:00             |                  |                  |                  |                   |                 |4+08:00               |
-------------------------------------------------------------------------------------------------------------------------------------
1970-01-01T08:00:00.0|-176              |800               |-79.2             |-96.88             |1970-01-07       |1970-01-01T07:59:59.92|
08+08:00             |                  |                  |                  |                   |                 |0+08:00               |
-------------------------------------------------------------------------------------------------------------------------------------
1970-01-01T08:00:00.0|198               |-900              |89.1              |108.99             |1970-01-09       |null                  |
09+08:00             |                  |                  |                  |                   |                 |                      |
-------------------------------------------------------------------------------------------------------------------------------------
1970-01-01T08:00:00.0|-20               |90                |0.10000038        |-20.009999999999998|null             |1970-01-01T08:00:00.00|
10+08:00             |                  |                  |                  |                   |                 |1+08:00               |
总数目：10
}

Elapsed Time: 0.0.13
-- [1]52:select int32+boolean from t2 order by time
STRICT{
SQLSTATE : 701: Cannot apply operator: INT32 + BOOLEAN
}
-- [1]54:select int32+text from t2 order by time
STRICT{
SQLSTATE : 701: Cannot apply operator: INT32 + TEXT
}
-- [1]56:select int32+string from t2 order by time
STRICT{
SQLSTATE : 701: Cannot apply operator: INT32 + STRING
}
-- [1]58:select int32+blob from t2 order by time
STRICT{
SQLSTATE : 701: Cannot apply operator: INT32 + BLOB
}

-- [1]61:select time,int64+int32,int64+int64,int64+float,int64+double,int64+date,int64+timestamp from t2 order by time
STRICT{
time(TIMESTAMP)      |_col1(INT64)      |_col2(INT64)      |_col3(FLOAT)      |_col4(DOUBLE)      |_col5(DATE)      |_col6(TIMESTAMP)      |
-------------------------------------------------------------------------------------------------------------------------------------
1970-01-01T08:00:00.0|null              |-222              |-112.1            |-109.89            |1969-12-31       |1970-01-01T07:59:59.89|
01+08:00             |                  |                  |                  |                   |                 |0+08:00               |
-------------------------------------------------------------------------------------------------------------------------------------
1970-01-01T08:00:00.0|null              |null              |null              |null               |null             |null                  |
02+08:00             |                  |                  |                  |                   |                 |                      |
-------------------------------------------------------------------------------------------------------------------------------------
1970-01-01T08:00:00.0|-300              |-666              |-336.3            |null               |1970-01-02       |1970-01-01T07:59:59.67|
03+08:00             |                  |                  |                  |                   |                 |0+08:00               |
-------------------------------------------------------------------------------------------------------------------------------------
1970-01-01T08:00:00.0|400               |888               |null              |439.56             |1970-01-04       |1970-01-01T08:00:00.44|
04+08:00             |                  |                  |                  |                   |                 |8+08:00               |
-------------------------------------------------------------------------------------------------------------------------------------
1970-01-01T08:00:00.0|-500              |-1110             |-560.5            |-549.45            |1970-01-04       |1970-01-01T07:59:59.45|
05+08:00             |                  |                  |                  |                   |                 |0+08:00               |
-------------------------------------------------------------------------------------------------------------------------------------
1970-01-01T08:00:00.0|600               |1332              |672.6             |659.34             |1970-01-06       |1970-01-01T08:00:00.67|
06+08:00             |                  |                  |                  |                   |                 |2+08:00               |
-------------------------------------------------------------------------------------------------------------------------------------
1970-01-01T08:00:00.0|-700              |-1554             |-784.7            |-769.23            |1970-01-06       |1970-01-01T07:59:59.23|
07+08:00             |                  |                  |                  |                   |                 |0+08:00               |
-------------------------------------------------------------------------------------------------------------------------------------
1970-01-01T08:00:00.0|800               |1776              |896.8             |879.12             |1970-01-08       |1970-01-01T08:00:00.89|
08+08:00             |                  |                  |                  |                   |                 |6+08:00               |
-------------------------------------------------------------------------------------------------------------------------------------
1970-01-01T08:00:00.0|-900              |-1998             |-1008.9           |-989.01            |1970-01-08       |null                  |
09+08:00             |                  |                  |                  |                   |                 |                      |
-------------------------------------------------------------------------------------------------------------------------------------
1970-01-01T08:00:00.0|90                |200               |110.1             |89.99              |null             |1970-01-01T08:00:00.11|
10+08:00             |                  |                  |                  |                   |                 |1+08:00               |
总数目：10
}

Elapsed Time: 0.0.9
-- [1]62:select int64+boolean from t2 order by time
STRICT{
SQLSTATE : 701: Cannot apply operator: INT64 + BOOLEAN
}
-- [1]64:select int64+text from t2 order by time
STRICT{
SQLSTATE : 701: Cannot apply operator: INT64 + TEXT
}
-- [1]66:select int64+string from t2 order by time
STRICT{
SQLSTATE : 701: Cannot apply operator: INT64 + STRING
}
-- [1]68:select int64+blob from t2 order by time
STRICT{
SQLSTATE : 701: Cannot apply operator: INT64 + BLOB
}

-- [1]71:select time,float+int32,float+int64,float+float,float+double from t2 order by time
STRICT{
time(TIMESTAMP)      |_col1(FLOAT)      |_col2(FLOAT)      |_col3(FLOAT)      |_col4(DOUBLE)      |
----------------------------------------------------------------------------------------------
1970-01-01T08:00:00.0|null              |-112.1            |-2.2              |0.00999997615814218|
01+08:00             |                  |                  |                  |8                  |
----------------------------------------------------------------------------------------------
1970-01-01T08:00:00.0|-19.8             |null              |4.4               |-0.0199999523162843|
02+08:00             |                  |                  |                  |75                 |
----------------------------------------------------------------------------------------------
1970-01-01T08:00:00.0|29.7              |-336.3            |-6.6              |null               |
03+08:00             |                  |                  |                  |                   |
----------------------------------------------------------------------------------------------
1970-01-01T08:00:00.0|null              |null              |null              |null               |
04+08:00             |                  |                  |                  |                   |
----------------------------------------------------------------------------------------------
1970-01-01T08:00:00.0|49.5              |-560.5            |-11.0             |0.04999999999999982|
05+08:00             |                  |                  |                  |                   |
----------------------------------------------------------------------------------------------
1970-01-01T08:00:00.0|-59.4             |672.6             |13.2              |-0.0600000953674317|
06+08:00             |                  |                  |                  |8                  |
----------------------------------------------------------------------------------------------
1970-01-01T08:00:00.0|69.3              |-784.7            |-15.4             |0.07000019073486285|
07+08:00             |                  |                  |                  |                   |
----------------------------------------------------------------------------------------------
1970-01-01T08:00:00.0|-79.2             |896.8             |17.6              |-0.0799998092651375|
08+08:00             |                  |                  |                  |                   |
----------------------------------------------------------------------------------------------
1970-01-01T08:00:00.0|89.1              |-1008.9           |-19.8             |0.09000038146972678|
09+08:00             |                  |                  |                  |                   |
----------------------------------------------------------------------------------------------
1970-01-01T08:00:00.0|0.10000038        |110.1             |20.2              |0.09000038146972678|
10+08:00             |                  |                  |                  |                   |
总数目：10
}

Elapsed Time: 0.0.7
-- [1]72:select float+date from t2 order by time
STRICT{
SQLSTATE : 701: Cannot apply operator: FLOAT + DATE
}
-- [1]74:select float+timestamp from t2 order by time
STRICT{
SQLSTATE : 701: Cannot apply operator: FLOAT + TIMESTAMP
}
-- [1]76:select float+boolean from t2 order by time
STRICT{
SQLSTATE : 701: Cannot apply operator: FLOAT + BOOLEAN
}
-- [1]78:select float+text from t2 order by time
STRICT{
SQLSTATE : 701: Cannot apply operator: FLOAT + TEXT
}
-- [1]80:select float+string from t2 order by time
STRICT{
SQLSTATE : 701: Cannot apply operator: FLOAT + STRING
}
-- [1]82:select float+blob from t2 order by time
STRICT{
SQLSTATE : 701: Cannot apply operator: FLOAT + BLOB
}

-- [1]85:select time,double+int32,double+int64,double+float,double+double from t2 order by time
STRICT{
time(TIMESTAMP)      |_col1(DOUBLE)      |_col2(DOUBLE)      |_col3(DOUBLE)      |_col4(DOUBLE)      |
-------------------------------------------------------------------------------------------------
1970-01-01T08:00:00.0|null               |-109.89            |0.00999997615814218|2.22               |
01+08:00             |                   |                   |8                  |                   |
-------------------------------------------------------------------------------------------------
1970-01-01T08:00:00.0|-24.22             |null               |-0.0199999523162843|-4.44              |
02+08:00             |                   |                   |75                 |                   |
-------------------------------------------------------------------------------------------------
1970-01-01T08:00:00.0|null               |null               |null               |null               |
03+08:00             |                   |                   |                   |                   |
-------------------------------------------------------------------------------------------------
1970-01-01T08:00:00.0|-48.44             |439.56             |null               |-8.88              |
04+08:00             |                   |                   |                   |                   |
-------------------------------------------------------------------------------------------------
1970-01-01T08:00:00.0|60.55              |-549.45            |0.04999999999999982|11.1               |
05+08:00             |                   |                   |                   |                   |
-------------------------------------------------------------------------------------------------
1970-01-01T08:00:00.0|-72.66             |659.34             |-0.0600000953674317|-13.32             |
06+08:00             |                   |                   |8                  |                   |
-------------------------------------------------------------------------------------------------
1970-01-01T08:00:00.0|84.77              |-769.23            |0.07000019073486285|15.54              |
07+08:00             |                   |                   |                   |                   |
-------------------------------------------------------------------------------------------------
1970-01-01T08:00:00.0|-96.88             |879.12             |-0.0799998092651375|-17.76             |
08+08:00             |                   |                   |                   |                   |
-------------------------------------------------------------------------------------------------
1970-01-01T08:00:00.0|108.99             |-989.01            |0.09000038146972678|19.98              |
09+08:00             |                   |                   |                   |                   |
-------------------------------------------------------------------------------------------------
1970-01-01T08:00:00.0|-20.009999999999998|89.99              |0.09000038146972678|-20.02             |
10+08:00             |                   |                   |                   |                   |
总数目：10
}

Elapsed Time: 0.0.7
-- [1]86:select double+date from t2 order by time
STRICT{
SQLSTATE : 701: Cannot apply operator: DOUBLE + DATE
}
-- [1]88:select double+timestamp from t2 order by time
STRICT{
SQLSTATE : 701: Cannot apply operator: DOUBLE + TIMESTAMP
}
-- [1]90:select double+boolean from t2 order by time
STRICT{
SQLSTATE : 701: Cannot apply operator: DOUBLE + BOOLEAN
}
-- [1]92:select double+text from t2 order by time
STRICT{
SQLSTATE : 701: Cannot apply operator: DOUBLE + TEXT
}
-- [1]94:select double+string from t2 order by time
STRICT{
SQLSTATE : 701: Cannot apply operator: DOUBLE + STRING
}
-- [1]96:select double+blob from t2 order by time
STRICT{
SQLSTATE : 701: Cannot apply operator: DOUBLE + BLOB
}

-- [1]99:select time,date+int32,date+int64 from t2 order by time
STRICT{
time(TIMESTAMP)      |_col1(DATE)      |_col2(DATE)      |
-------------------------------------------------------
1970-01-01T08:00:00.0|null             |1969-12-31       |
01+08:00             |                 |                 |
-------------------------------------------------------
1970-01-01T08:00:00.0|1970-01-01       |null             |
02+08:00             |                 |                 |
-------------------------------------------------------
1970-01-01T08:00:00.0|1970-01-03       |1970-01-02       |
03+08:00             |                 |                 |
-------------------------------------------------------
1970-01-01T08:00:00.0|1970-01-03       |1970-01-04       |
04+08:00             |                 |                 |
-------------------------------------------------------
1970-01-01T08:00:00.0|1970-01-05       |1970-01-04       |
05+08:00             |                 |                 |
-------------------------------------------------------
1970-01-01T08:00:00.0|1970-01-05       |1970-01-06       |
06+08:00             |                 |                 |
-------------------------------------------------------
1970-01-01T08:00:00.0|1970-01-07       |1970-01-06       |
07+08:00             |                 |                 |
-------------------------------------------------------
1970-01-01T08:00:00.0|1970-01-07       |1970-01-08       |
08+08:00             |                 |                 |
-------------------------------------------------------
1970-01-01T08:00:00.0|1970-01-09       |1970-01-08       |
09+08:00             |                 |                 |
-------------------------------------------------------
1970-01-01T08:00:00.0|null             |null             |
10+08:00             |                 |                 |
总数目：10
}

Elapsed Time: 0.0.7
-- [1]100:select date+float from t2 order by time
STRICT{
SQLSTATE : 701: Cannot apply operator: DATE + FLOAT
}
-- [1]102:select date+double from t2 order by time
STRICT{
SQLSTATE : 701: Cannot apply operator: DATE + DOUBLE
}
-- [1]104:select date+date from t2 order by time
STRICT{
SQLSTATE : 701: Cannot apply operator: DATE + DATE
}
-- [1]106:select date+timestamp from t2 order by time
STRICT{
SQLSTATE : 701: Cannot apply operator: DATE + TIMESTAMP
}
-- [1]108:select date+boolean from t2 order by time
STRICT{
SQLSTATE : 701: Cannot apply operator: DATE + BOOLEAN
}
-- [1]110:select date+text from t2 order by time
STRICT{
SQLSTATE : 701: Cannot apply operator: DATE + TEXT
}
-- [1]112:select date+string from t2 order by time
STRICT{
SQLSTATE : 701: Cannot apply operator: DATE + STRING
}
-- [1]114:select date+blob from t2 order by time
STRICT{
SQLSTATE : 701: Cannot apply operator: DATE + BLOB
}

-- [1]117:select timestamp,timestamp+int32,timestamp+int64 from t2 order by time
STRICT{
timestamp(TIMESTAMP)      |_col1(TIMESTAMP)      |_col2(TIMESTAMP)      |
----------------------------------------------------------------------
1970-01-01T08:00:00.001+08|null                  |1970-01-01T07:59:59.89|
:00                       |                      |0+08:00               |
----------------------------------------------------------------------
1970-01-01T08:00:00.002+08|1970-01-01T07:59:59.98|null                  |
:00                       |0+08:00               |                      |
----------------------------------------------------------------------
1970-01-01T08:00:00.003+08|1970-01-01T08:00:00.03|1970-01-01T07:59:59.67|
:00                       |6+08:00               |0+08:00               |
----------------------------------------------------------------------
1970-01-01T08:00:00.004+08|1970-01-01T07:59:59.96|1970-01-01T08:00:00.44|
:00                       |0+08:00               |8+08:00               |
----------------------------------------------------------------------
1970-01-01T08:00:00.005+08|1970-01-01T08:00:00.06|1970-01-01T07:59:59.45|
:00                       |0+08:00               |0+08:00               |
----------------------------------------------------------------------
1970-01-01T08:00:00.006+08|1970-01-01T07:59:59.94|1970-01-01T08:00:00.67|
:00                       |0+08:00               |2+08:00               |
----------------------------------------------------------------------
1970-01-01T08:00:00.007+08|1970-01-01T08:00:00.08|1970-01-01T07:59:59.23|
:00                       |4+08:00               |0+08:00               |
----------------------------------------------------------------------
1970-01-01T08:00:00.008+08|1970-01-01T07:59:59.92|1970-01-01T08:00:00.89|
:00                       |0+08:00               |6+08:00               |
----------------------------------------------------------------------
null                      |null                  |null                  |
----------------------------------------------------------------------
1970-01-01T08:00:00.011+08|1970-01-01T08:00:00.00|1970-01-01T08:00:00.11|
:00                       |1+08:00               |1+08:00               |
总数目：10
}

Elapsed Time: 0.0.7
-- [1]118:select timestamp+float from t2 order by time
STRICT{
SQLSTATE : 701: Cannot apply operator: TIMESTAMP + FLOAT
}
-- [1]120:select timestamp+double from t2 order by time
STRICT{
SQLSTATE : 701: Cannot apply operator: TIMESTAMP + DOUBLE
}
-- [1]122:select timestamp+date from t2 order by time
STRICT{
SQLSTATE : 701: Cannot apply operator: TIMESTAMP + DATE
}
-- [1]124:select timestamp+timestamp from t2 order by time
STRICT{
SQLSTATE : 701: Cannot apply operator: TIMESTAMP + TIMESTAMP
}
-- [1]126:select timestamp+boolean from t2 order by time
STRICT{
SQLSTATE : 701: Cannot apply operator: TIMESTAMP + BOOLEAN
}
-- [1]128:select timestamp+text from t2 order by time
STRICT{
SQLSTATE : 701: Cannot apply operator: TIMESTAMP + TEXT
}
-- [1]130:select timestamp+string from t2 order by time
STRICT{
SQLSTATE : 701: Cannot apply operator: TIMESTAMP + STRING
}
-- [1]132:select timestamp+blob from t2 order by time
STRICT{
SQLSTATE : 701: Cannot apply operator: TIMESTAMP + BLOB
}
-- [1]135:select boolean+int32 from t2 order by time
STRICT{
SQLSTATE : 701: Cannot apply operator: BOOLEAN + INT32
}
-- [1]137:select boolean+int64 from t2 order by time
STRICT{
SQLSTATE : 701: Cannot apply operator: BOOLEAN + INT64
}
-- [1]139:select boolean+float from t2 order by time
STRICT{
SQLSTATE : 701: Cannot apply operator: BOOLEAN + FLOAT
}
-- [1]141:select boolean+double from t2 order by time
STRICT{
SQLSTATE : 701: Cannot apply operator: BOOLEAN + DOUBLE
}
-- [1]143:select boolean+date from t2 order by time
STRICT{
SQLSTATE : 701: Cannot apply operator: BOOLEAN + DATE
}
-- [1]145:select boolean+timestamp from t2 order by time
STRICT{
SQLSTATE : 701: Cannot apply operator: BOOLEAN + TIMESTAMP
}
-- [1]147:select boolean+boolean from t2 order by time
STRICT{
SQLSTATE : 701: Cannot apply operator: BOOLEAN + BOOLEAN
}
-- [1]149:select boolean+text from t2 order by time
STRICT{
SQLSTATE : 701: Cannot apply operator: BOOLEAN + TEXT
}
-- [1]151:select boolean+string from t2 order by time
STRICT{
SQLSTATE : 701: Cannot apply operator: BOOLEAN + STRING
}
-- [1]153:select boolean+blob from t2 order by time
STRICT{
SQLSTATE : 701: Cannot apply operator: BOOLEAN + BLOB
EXPECT:PASS
}
-- [1]155:select text+int32 from t2 order by time
STRICT{
SQLSTATE : 701: Cannot apply operator: TEXT + INT32
}
-- [1]157:select text+int64 from t2 order by time
STRICT{
SQLSTATE : 701: Cannot apply operator: TEXT + INT64
}
-- [1]159:select text+float from t2 order by time
STRICT{
SQLSTATE : 701: Cannot apply operator: TEXT + FLOAT
}
-- [1]161:select text+double from t2 order by time
STRICT{
SQLSTATE : 701: Cannot apply operator: TEXT + DOUBLE
}
-- [1]163:select text+date from t2 order by time
STRICT{
SQLSTATE : 701: Cannot apply operator: TEXT + DATE
}
-- [1]165:select text+timestamp from t2 order by time
STRICT{
SQLSTATE : 701: Cannot apply operator: TEXT + TIMESTAMP
}
-- [1]167:select text+boolean from t2 order by time
STRICT{
SQLSTATE : 701: Cannot apply operator: TEXT + BOOLEAN
}
-- [1]169:select text+text from t2 order by time
STRICT{
SQLSTATE : 701: Cannot apply operator: TEXT + TEXT
}
-- [1]171:select text+string from t2 order by time
STRICT{
SQLSTATE : 701: Cannot apply operator: TEXT + STRING
}
-- [1]173:select text+blob from t2 order by time
STRICT{
SQLSTATE : 701: Cannot apply operator: TEXT + BLOB
EXPECT:PASS
}
-- [1]175:select string+int32 from t2 order by time
STRICT{
SQLSTATE : 701: Cannot apply operator: STRING + INT32
}
-- [1]177:select string+int64 from t2 order by time
STRICT{
SQLSTATE : 701: Cannot apply operator: STRING + INT64
}
-- [1]179:select string+float from t2 order by time
STRICT{
SQLSTATE : 701: Cannot apply operator: STRING + FLOAT
}
-- [1]181:select string+double from t2 order by time
STRICT{
SQLSTATE : 701: Cannot apply operator: STRING + DOUBLE
}
-- [1]183:select string+date from t2 order by time
STRICT{
SQLSTATE : 701: Cannot apply operator: STRING + DATE
}
-- [1]185:select string+timestamp from t2 order by time
STRICT{
SQLSTATE : 701: Cannot apply operator: STRING + TIMESTAMP
}
-- [1]187:select string+boolean from t2 order by time
STRICT{
SQLSTATE : 701: Cannot apply operator: STRING + BOOLEAN
}
-- [1]189:select string+text from t2 order by time
STRICT{
SQLSTATE : 701: Cannot apply operator: STRING + TEXT
}
-- [1]191:select string+string from t2 order by time
STRICT{
SQLSTATE : 701: Cannot apply operator: STRING + STRING
}
-- [1]193:select string+blob from t2 order by time
STRICT{
SQLSTATE : 701: Cannot apply operator: STRING + BLOB
EXPECT:PASS
}
-- [1]195:select blob+int32 from t2 order by time
STRICT{
SQLSTATE : 701: Cannot apply operator: BLOB + INT32
}
-- [1]197:select blob+int64 from t2 order by time
STRICT{
SQLSTATE : 701: Cannot apply operator: BLOB + INT64
}
-- [1]199:select blob+float from t2 order by time
STRICT{
SQLSTATE : 701: Cannot apply operator: BLOB + FLOAT
}
-- [1]201:select blob+double from t2 order by time
STRICT{
SQLSTATE : 701: Cannot apply operator: BLOB + DOUBLE
}
-- [1]203:select blob+date from t2 order by time
STRICT{
SQLSTATE : 701: Cannot apply operator: BLOB + DATE
}
-- [1]205:select blob+timestamp from t2 order by time
STRICT{
SQLSTATE : 701: Cannot apply operator: BLOB + TIMESTAMP
}
-- [1]207:select blob+boolean from t2 order by time
STRICT{
SQLSTATE : 701: Cannot apply operator: BLOB + BOOLEAN
}
-- [1]209:select blob+text from t2 order by time
STRICT{
SQLSTATE : 701: Cannot apply operator: BLOB + TEXT
}
-- [1]211:select blob+string from t2 order by time
STRICT{
SQLSTATE : 701: Cannot apply operator: BLOB + STRING
}
-- [1]213:select blob+blob from t2 order by time
STRICT{
SQLSTATE : 701: Cannot apply operator: BLOB + BLOB
}

-- [1]219:select time,int32-int32,int32-int64,int32-float,int32-double from t2 order by time
STRICT{
time(TIMESTAMP)      |_col1(INT32)      |_col2(INT64)      |_col3(FLOAT)      |_col4(DOUBLE)      |
----------------------------------------------------------------------------------------------
1970-01-01T08:00:00.0|null              |null              |null              |null               |
01+08:00             |                  |                  |                  |                   |
----------------------------------------------------------------------------------------------
1970-01-01T08:00:00.0|0                 |null              |-24.2             |-19.78             |
02+08:00             |                  |                  |                  |                   |
----------------------------------------------------------------------------------------------
1970-01-01T08:00:00.0|0                 |366               |36.3              |null               |
03+08:00             |                  |                  |                  |                   |
----------------------------------------------------------------------------------------------
1970-01-01T08:00:00.0|0                 |-488              |null              |-39.56             |
04+08:00             |                  |                  |                  |                   |
----------------------------------------------------------------------------------------------
1970-01-01T08:00:00.0|0                 |610               |60.5              |49.45              |
05+08:00             |                  |                  |                  |                   |
----------------------------------------------------------------------------------------------
1970-01-01T08:00:00.0|0                 |-732              |-72.6             |-59.34             |
06+08:00             |                  |                  |                  |                   |
----------------------------------------------------------------------------------------------
1970-01-01T08:00:00.0|0                 |854               |84.7              |69.23              |
07+08:00             |                  |                  |                  |                   |
----------------------------------------------------------------------------------------------
1970-01-01T08:00:00.0|0                 |-976              |-96.8             |-79.12             |
08+08:00             |                  |                  |                  |                   |
----------------------------------------------------------------------------------------------
1970-01-01T08:00:00.0|0                 |1098              |108.9             |89.01              |
09+08:00             |                  |                  |                  |                   |
----------------------------------------------------------------------------------------------
1970-01-01T08:00:00.0|0                 |-110              |-20.1             |0.00999999999999978|
10+08:00             |                  |                  |                  |7                  |
总数目：10
}

Elapsed Time: 0.0.8
-- [1]220:select int32-date from t2 order by time
STRICT{
SQLSTATE : 701: Cannot apply operator: INT32 - DATE
}
-- [1]222:select int32-timestamp from t2 order by time
STRICT{
SQLSTATE : 701: Cannot apply operator: INT32 - TIMESTAMP
}
-- [1]224:select int32-boolean from t2 order by time
STRICT{
SQLSTATE : 701: Cannot apply operator: INT32 - BOOLEAN
}
-- [1]226:select int32-text from t2 order by time
STRICT{
SQLSTATE : 701: Cannot apply operator: INT32 - TEXT
}
-- [1]228:select int32-string from t2 order by time
STRICT{
SQLSTATE : 701: Cannot apply operator: INT32 - STRING
}
-- [1]230:select int32-blob from t2 order by time
STRICT{
SQLSTATE : 701: Cannot apply operator: INT32 - BLOB
}

-- [1]233:select time,int64-int32,int64-int64,int64-float,int64-double from t2 order by time
STRICT{
time(TIMESTAMP)      |_col1(INT64)      |_col2(INT64)      |_col3(FLOAT)      |_col4(DOUBLE)      |
----------------------------------------------------------------------------------------------
1970-01-01T08:00:00.0|null              |0                 |-109.9            |-112.11            |
01+08:00             |                  |                  |                  |                   |
----------------------------------------------------------------------------------------------
1970-01-01T08:00:00.0|null              |null              |null              |null               |
02+08:00             |                  |                  |                  |                   |
----------------------------------------------------------------------------------------------
1970-01-01T08:00:00.0|-366              |0                 |-329.7            |null               |
03+08:00             |                  |                  |                  |                   |
----------------------------------------------------------------------------------------------
1970-01-01T08:00:00.0|488               |0                 |null              |448.44             |
04+08:00             |                  |                  |                  |                   |
----------------------------------------------------------------------------------------------
1970-01-01T08:00:00.0|-610              |0                 |-549.5            |-560.55            |
05+08:00             |                  |                  |                  |                   |
----------------------------------------------------------------------------------------------
1970-01-01T08:00:00.0|732               |0                 |659.4             |672.66             |
06+08:00             |                  |                  |                  |                   |
----------------------------------------------------------------------------------------------
1970-01-01T08:00:00.0|-854              |0                 |-769.3            |-784.77            |
07+08:00             |                  |                  |                  |                   |
----------------------------------------------------------------------------------------------
1970-01-01T08:00:00.0|976               |0                 |879.2             |896.88             |
08+08:00             |                  |                  |                  |                   |
----------------------------------------------------------------------------------------------
1970-01-01T08:00:00.0|-1098             |0                 |-989.1            |-1008.99           |
09+08:00             |                  |                  |                  |                   |
----------------------------------------------------------------------------------------------
1970-01-01T08:00:00.0|110               |0                 |89.9              |110.01             |
10+08:00             |                  |                  |                  |                   |
总数目：10
}

Elapsed Time: 0.0.7
-- [1]234:select int64-date from t2 order by time
STRICT{
SQLSTATE : 701: Cannot apply operator: INT64 - DATE
}
-- [1]236:select int64-timestamp from t2 order by time
STRICT{
SQLSTATE : 701: Cannot apply operator: INT64 - TIMESTAMP
}
-- [1]238:select int64-boolean from t2 order by time
STRICT{
SQLSTATE : 701: Cannot apply operator: INT64 - BOOLEAN
}
-- [1]240:select int64-text from t2 order by time
STRICT{
SQLSTATE : 701: Cannot apply operator: INT64 - TEXT
}
-- [1]242:select int64-string from t2 order by time
STRICT{
SQLSTATE : 701: Cannot apply operator: INT64 - STRING
}
-- [1]244:select int64-blob from t2 order by time
STRICT{
SQLSTATE : 701: Cannot apply operator: INT64 - BLOB
}

-- [1]247:select time,float-int32,float-int64,float-float,float-double from t2 order by time
STRICT{
time(TIMESTAMP)      |_col1(FLOAT)      |_col2(FLOAT)      |_col3(FLOAT)      |_col4(DOUBLE)      |
----------------------------------------------------------------------------------------------
1970-01-01T08:00:00.0|null              |109.9             |0.0               |-2.2100000238418582|
01+08:00             |                  |                  |                  |                   |
----------------------------------------------------------------------------------------------
1970-01-01T08:00:00.0|24.2              |null              |0.0               |4.4200000476837165 |
02+08:00             |                  |                  |                  |                   |
----------------------------------------------------------------------------------------------
1970-01-01T08:00:00.0|-36.3             |329.7             |0.0               |null               |
03+08:00             |                  |                  |                  |                   |
----------------------------------------------------------------------------------------------
1970-01-01T08:00:00.0|null              |null              |null              |null               |
04+08:00             |                  |                  |                  |                   |
----------------------------------------------------------------------------------------------
1970-01-01T08:00:00.0|-60.5             |549.5             |0.0               |-11.05             |
05+08:00             |                  |                  |                  |                   |
----------------------------------------------------------------------------------------------
1970-01-01T08:00:00.0|72.6              |-659.4            |0.0               |13.259999904632569 |
06+08:00             |                  |                  |                  |                   |
----------------------------------------------------------------------------------------------
1970-01-01T08:00:00.0|-84.7             |769.3             |0.0               |-15.469999809265136|
07+08:00             |                  |                  |                  |                   |
----------------------------------------------------------------------------------------------
1970-01-01T08:00:00.0|96.8              |-879.2            |0.0               |17.680000190734866 |
08+08:00             |                  |                  |                  |                   |
----------------------------------------------------------------------------------------------
1970-01-01T08:00:00.0|-108.9            |989.1             |0.0               |-19.889999618530275|
09+08:00             |                  |                  |                  |                   |
----------------------------------------------------------------------------------------------
1970-01-01T08:00:00.0|20.1              |-89.9             |0.0               |20.110000381469725 |
10+08:00             |                  |                  |                  |                   |
总数目：10
}

Elapsed Time: 0.0.7
-- [1]248:select float-date from t2 order by time
STRICT{
SQLSTATE : 701: Cannot apply operator: FLOAT - DATE
}
-- [1]250:select float-timestamp from t2 order by time
STRICT{
SQLSTATE : 701: Cannot apply operator: FLOAT - TIMESTAMP
}
-- [1]252:select float-boolean from t2 order by time
STRICT{
SQLSTATE : 701: Cannot apply operator: FLOAT - BOOLEAN
}
-- [1]254:select float-text from t2 order by time
STRICT{
SQLSTATE : 701: Cannot apply operator: FLOAT - TEXT
}
-- [1]256:select float-string from t2 order by time
STRICT{
SQLSTATE : 701: Cannot apply operator: FLOAT - STRING
}
-- [1]258:select float-blob from t2 order by time
STRICT{
SQLSTATE : 701: Cannot apply operator: FLOAT - BLOB
}

-- [1]261:select time,double-int32,double-int64,double-float,double-double from t2 order by time
STRICT{
time(TIMESTAMP)      |_col1(DOUBLE)      |_col2(DOUBLE)      |_col3(DOUBLE)      |_col4(DOUBLE)      |
-------------------------------------------------------------------------------------------------
1970-01-01T08:00:00.0|null               |112.11             |2.2100000238418582 |0.0                |
01+08:00             |                   |                   |                   |                   |
-------------------------------------------------------------------------------------------------
1970-01-01T08:00:00.0|19.78              |null               |-4.4200000476837165|0.0                |
02+08:00             |                   |                   |                   |                   |
-------------------------------------------------------------------------------------------------
1970-01-01T08:00:00.0|null               |null               |null               |null               |
03+08:00             |                   |                   |                   |                   |
-------------------------------------------------------------------------------------------------
1970-01-01T08:00:00.0|39.56              |-448.44            |null               |0.0                |
04+08:00             |                   |                   |                   |                   |
-------------------------------------------------------------------------------------------------
1970-01-01T08:00:00.0|-49.45             |560.55             |11.05              |0.0                |
05+08:00             |                   |                   |                   |                   |
-------------------------------------------------------------------------------------------------
1970-01-01T08:00:00.0|59.34              |-672.66            |-13.259999904632569|0.0                |
06+08:00             |                   |                   |                   |                   |
-------------------------------------------------------------------------------------------------
1970-01-01T08:00:00.0|-69.23             |784.77             |15.469999809265136 |0.0                |
07+08:00             |                   |                   |                   |                   |
-------------------------------------------------------------------------------------------------
1970-01-01T08:00:00.0|79.12              |-896.88            |-17.680000190734866|0.0                |
08+08:00             |                   |                   |                   |                   |
-------------------------------------------------------------------------------------------------
1970-01-01T08:00:00.0|-89.01             |1008.99            |19.889999618530275 |0.0                |
09+08:00             |                   |                   |                   |                   |
-------------------------------------------------------------------------------------------------
1970-01-01T08:00:00.0|-0.0099999999999997|-110.01            |-20.110000381469725|0.0                |
10+08:00             |87                 |                   |                   |                   |
总数目：10
}

Elapsed Time: 0.0.6
-- [1]262:select double-date from t2 order by time
STRICT{
SQLSTATE : 701: Cannot apply operator: DOUBLE - DATE
}
-- [1]264:select double-timestamp from t2 order by time
STRICT{
SQLSTATE : 701: Cannot apply operator: DOUBLE - TIMESTAMP
}
-- [1]266:select double-boolean from t2 order by time
STRICT{
SQLSTATE : 701: Cannot apply operator: DOUBLE - BOOLEAN
}
-- [1]268:select double-text from t2 order by time
STRICT{
SQLSTATE : 701: Cannot apply operator: DOUBLE - TEXT
}
-- [1]270:select double-string from t2 order by time
STRICT{
SQLSTATE : 701: Cannot apply operator: DOUBLE - STRING
}
-- [1]272:select double-blob from t2 order by time
STRICT{
SQLSTATE : 701: Cannot apply operator: DOUBLE - BLOB
}

-- [1]275:select time,date-int32,date-int64 from t2 order by time
STRICT{
time(TIMESTAMP)      |_col1(DATE)      |_col2(DATE)      |
-------------------------------------------------------
1970-01-01T08:00:00.0|null             |1970-01-01       |
01+08:00             |                 |                 |
-------------------------------------------------------
1970-01-01T08:00:00.0|1970-01-02       |null             |
02+08:00             |                 |                 |
-------------------------------------------------------
1970-01-01T08:00:00.0|1970-01-02       |1970-01-03       |
03+08:00             |                 |                 |
-------------------------------------------------------
1970-01-01T08:00:00.0|1970-01-04       |1970-01-03       |
04+08:00             |                 |                 |
-------------------------------------------------------
1970-01-01T08:00:00.0|1970-01-04       |1970-01-05       |
05+08:00             |                 |                 |
-------------------------------------------------------
1970-01-01T08:00:00.0|1970-01-06       |1970-01-05       |
06+08:00             |                 |                 |
-------------------------------------------------------
1970-01-01T08:00:00.0|1970-01-06       |1970-01-07       |
07+08:00             |                 |                 |
-------------------------------------------------------
1970-01-01T08:00:00.0|1970-01-08       |1970-01-07       |
08+08:00             |                 |                 |
-------------------------------------------------------
1970-01-01T08:00:00.0|1970-01-08       |1970-01-09       |
09+08:00             |                 |                 |
-------------------------------------------------------
1970-01-01T08:00:00.0|null             |null             |
10+08:00             |                 |                 |
总数目：10
}

Elapsed Time: 0.0.6
-- [1]276:select date-float from t2 order by time
STRICT{
SQLSTATE : 701: Cannot apply operator: DATE - FLOAT
}
-- [1]278:select date-double from t2 order by time
STRICT{
SQLSTATE : 701: Cannot apply operator: DATE - DOUBLE
}
-- [1]280:select date-date from t2 order by time
STRICT{
SQLSTATE : 701: Cannot apply operator: DATE - DATE
}
-- [1]282:select date-timestamp from t2 order by time
STRICT{
SQLSTATE : 701: Cannot apply operator: DATE - TIMESTAMP
}
-- [1]284:select date-boolean from t2 order by time
STRICT{
SQLSTATE : 701: Cannot apply operator: DATE - BOOLEAN
}
-- [1]286:select date-text from t2 order by time
STRICT{
SQLSTATE : 701: Cannot apply operator: DATE - TEXT
}
-- [1]288:select date-string from t2 order by time
STRICT{
SQLSTATE : 701: Cannot apply operator: DATE - STRING
}
-- [1]290:select date-blob from t2 order by time
STRICT{
SQLSTATE : 701: Cannot apply operator: DATE - BLOB
}

-- [1]293:select timestamp,timestamp-int32,timestamp-int64 from t2 order by time
STRICT{
timestamp(TIMESTAMP)      |_col1(TIMESTAMP)      |_col2(TIMESTAMP)      |
----------------------------------------------------------------------
1970-01-01T08:00:00.001+08|null                  |1970-01-01T08:00:00.11|
:00                       |                      |2+08:00               |
----------------------------------------------------------------------
1970-01-01T08:00:00.002+08|1970-01-01T08:00:00.02|null                  |
:00                       |4+08:00               |                      |
----------------------------------------------------------------------
1970-01-01T08:00:00.003+08|1970-01-01T07:59:59.97|1970-01-01T08:00:00.33|
:00                       |0+08:00               |6+08:00               |
----------------------------------------------------------------------
1970-01-01T08:00:00.004+08|1970-01-01T08:00:00.04|1970-01-01T07:59:59.56|
:00                       |8+08:00               |0+08:00               |
----------------------------------------------------------------------
1970-01-01T08:00:00.005+08|1970-01-01T07:59:59.95|1970-01-01T08:00:00.56|
:00                       |0+08:00               |0+08:00               |
----------------------------------------------------------------------
1970-01-01T08:00:00.006+08|1970-01-01T08:00:00.07|1970-01-01T07:59:59.34|
:00                       |2+08:00               |0+08:00               |
----------------------------------------------------------------------
1970-01-01T08:00:00.007+08|1970-01-01T07:59:59.93|1970-01-01T08:00:00.78|
:00                       |0+08:00               |4+08:00               |
----------------------------------------------------------------------
1970-01-01T08:00:00.008+08|1970-01-01T08:00:00.09|1970-01-01T07:59:59.12|
:00                       |6+08:00               |0+08:00               |
----------------------------------------------------------------------
null                      |null                  |null                  |
----------------------------------------------------------------------
1970-01-01T08:00:00.011+08|1970-01-01T08:00:00.02|1970-01-01T07:59:59.91|
:00                       |1+08:00               |1+08:00               |
总数目：10
}

Elapsed Time: 0.0.6
-- [1]294:select timestamp-float from t2 order by time
STRICT{
SQLSTATE : 701: Cannot apply operator: TIMESTAMP - FLOAT
}
-- [1]296:select timestamp-double from t2 order by time
STRICT{
SQLSTATE : 701: Cannot apply operator: TIMESTAMP - DOUBLE
}
-- [1]298:select timestamp-date from t2 order by time
STRICT{
SQLSTATE : 701: Cannot apply operator: TIMESTAMP - DATE
}
-- [1]300:select timestamp-timestamp from t2 order by time
STRICT{
SQLSTATE : 701: Cannot apply operator: TIMESTAMP - TIMESTAMP
}
-- [1]302:select timestamp-boolean from t2 order by time
STRICT{
SQLSTATE : 701: Cannot apply operator: TIMESTAMP - BOOLEAN
}
-- [1]304:select timestamp-text from t2 order by time
STRICT{
SQLSTATE : 701: Cannot apply operator: TIMESTAMP - TEXT
}
-- [1]306:select timestamp-string from t2 order by time
STRICT{
SQLSTATE : 701: Cannot apply operator: TIMESTAMP - STRING
}
-- [1]308:select timestamp-blob from t2 order by time
STRICT{
SQLSTATE : 701: Cannot apply operator: TIMESTAMP - BLOB
}
-- [1]311:select boolean-int32 from t2 order by time
STRICT{
SQLSTATE : 701: Cannot apply operator: BOOLEAN - INT32
}
-- [1]313:select boolean-int64 from t2 order by time
STRICT{
SQLSTATE : 701: Cannot apply operator: BOOLEAN - INT64
}
-- [1]315:select boolean-float from t2 order by time
STRICT{
SQLSTATE : 701: Cannot apply operator: BOOLEAN - FLOAT
}
-- [1]317:select boolean-double from t2 order by time
STRICT{
SQLSTATE : 701: Cannot apply operator: BOOLEAN - DOUBLE
}
-- [1]319:select boolean-date from t2 order by time
STRICT{
SQLSTATE : 701: Cannot apply operator: BOOLEAN - DATE
}
-- [1]321:select boolean-timestamp from t2 order by time
STRICT{
SQLSTATE : 701: Cannot apply operator: BOOLEAN - TIMESTAMP
}
-- [1]323:select boolean-boolean from t2 order by time
STRICT{
SQLSTATE : 701: Cannot apply operator: BOOLEAN - BOOLEAN
}
-- [1]325:select boolean-text from t2 order by time
STRICT{
SQLSTATE : 701: Cannot apply operator: BOOLEAN - TEXT
}
-- [1]327:select boolean-string from t2 order by time
STRICT{
SQLSTATE : 701: Cannot apply operator: BOOLEAN - STRING
}
-- [1]329:select boolean-blob from t2 order by time
STRICT{
SQLSTATE : 701: Cannot apply operator: BOOLEAN - BLOB
EXPECT:PASS
}
-- [1]331:select text-int32 from t2 order by time
STRICT{
SQLSTATE : 701: Cannot apply operator: TEXT - INT32
}
-- [1]333:select text-int64 from t2 order by time
STRICT{
SQLSTATE : 701: Cannot apply operator: TEXT - INT64
}
-- [1]335:select text-float from t2 order by time
STRICT{
SQLSTATE : 701: Cannot apply operator: TEXT - FLOAT
}
-- [1]337:select text-double from t2 order by time
STRICT{
SQLSTATE : 701: Cannot apply operator: TEXT - DOUBLE
}
-- [1]339:select text-date from t2 order by time
STRICT{
SQLSTATE : 701: Cannot apply operator: TEXT - DATE
}
-- [1]341:select text-timestamp from t2 order by time
STRICT{
SQLSTATE : 701: Cannot apply operator: TEXT - TIMESTAMP
}
-- [1]343:select text-boolean from t2 order by time
STRICT{
SQLSTATE : 701: Cannot apply operator: TEXT - BOOLEAN
}
-- [1]345:select text-text from t2 order by time
STRICT{
SQLSTATE : 701: Cannot apply operator: TEXT - TEXT
}
-- [1]347:select text-string from t2 order by time
STRICT{
SQLSTATE : 701: Cannot apply operator: TEXT - STRING
}
-- [1]349:select text-blob from t2 order by time
STRICT{
SQLSTATE : 701: Cannot apply operator: TEXT - BLOB
EXPECT:PASS
}
-- [1]351:select string-int32 from t2 order by time
STRICT{
SQLSTATE : 701: Cannot apply operator: STRING - INT32
}
-- [1]353:select string-int64 from t2 order by time
STRICT{
SQLSTATE : 701: Cannot apply operator: STRING - INT64
}
-- [1]355:select string-float from t2 order by time
STRICT{
SQLSTATE : 701: Cannot apply operator: STRING - FLOAT
}
-- [1]357:select string-double from t2 order by time
STRICT{
SQLSTATE : 701: Cannot apply operator: STRING - DOUBLE
}
-- [1]359:select string-date from t2 order by time
STRICT{
SQLSTATE : 701: Cannot apply operator: STRING - DATE
}
-- [1]361:select string-timestamp from t2 order by time
STRICT{
SQLSTATE : 701: Cannot apply operator: STRING - TIMESTAMP
}
-- [1]363:select string-boolean from t2 order by time
STRICT{
SQLSTATE : 701: Cannot apply operator: STRING - BOOLEAN
}
-- [1]365:select string-text from t2 order by time
STRICT{
SQLSTATE : 701: Cannot apply operator: STRING - TEXT
}
-- [1]367:select string-string from t2 order by time
STRICT{
SQLSTATE : 701: Cannot apply operator: STRING - STRING
}
-- [1]369:select string-blob from t2 order by time
STRICT{
SQLSTATE : 701: Cannot apply operator: STRING - BLOB
EXPECT:PASS
}
-- [1]371:select blob-int32 from t2 order by time
STRICT{
SQLSTATE : 701: Cannot apply operator: BLOB - INT32
}
-- [1]373:select blob-int64 from t2 order by time
STRICT{
SQLSTATE : 701: Cannot apply operator: BLOB - INT64
}
-- [1]375:select blob-float from t2 order by time
STRICT{
SQLSTATE : 701: Cannot apply operator: BLOB - FLOAT
}
-- [1]377:select blob-double from t2 order by time
STRICT{
SQLSTATE : 701: Cannot apply operator: BLOB - DOUBLE
}
-- [1]379:select blob-date from t2 order by time
STRICT{
SQLSTATE : 701: Cannot apply operator: BLOB - DATE
}
-- [1]381:select blob-timestamp from t2 order by time
STRICT{
SQLSTATE : 701: Cannot apply operator: BLOB - TIMESTAMP
}
-- [1]383:select blob-boolean from t2 order by time
STRICT{
SQLSTATE : 701: Cannot apply operator: BLOB - BOOLEAN
}
-- [1]385:select blob-text from t2 order by time
STRICT{
SQLSTATE : 701: Cannot apply operator: BLOB - TEXT
}
-- [1]387:select blob-string from t2 order by time
STRICT{
SQLSTATE : 701: Cannot apply operator: BLOB - STRING
}
-- [1]389:select blob-blob from t2 order by time
STRICT{
SQLSTATE : 701: Cannot apply operator: BLOB - BLOB
}

-- [1]395:select time,int32*int32,int32*int64,int32*float,int32*double from t2 order by time
STRICT{
time(TIMESTAMP)      |_col1(INT32)      |_col2(INT64)      |_col3(FLOAT)      |_col4(DOUBLE)      |
----------------------------------------------------------------------------------------------
1970-01-01T08:00:00.0|null              |null              |null              |null               |
01+08:00             |                  |                  |                  |                   |
----------------------------------------------------------------------------------------------
1970-01-01T08:00:00.0|484               |null              |-48.4             |48.84              |
02+08:00             |                  |                  |                  |                   |
----------------------------------------------------------------------------------------------
1970-01-01T08:00:00.0|1089              |-10989            |-108.9            |null               |
03+08:00             |                  |                  |                  |                   |
----------------------------------------------------------------------------------------------
1970-01-01T08:00:00.0|1936              |-19536            |null              |195.36             |
04+08:00             |                  |                  |                  |                   |
----------------------------------------------------------------------------------------------
1970-01-01T08:00:00.0|3025              |-30525            |-302.5            |305.25             |
05+08:00             |                  |                  |                  |                   |
----------------------------------------------------------------------------------------------
1970-01-01T08:00:00.0|4356              |-43956            |-435.6            |439.56             |
06+08:00             |                  |                  |                  |                   |
----------------------------------------------------------------------------------------------
1970-01-01T08:00:00.0|5929              |-59829            |-592.89996        |598.29             |
07+08:00             |                  |                  |                  |                   |
----------------------------------------------------------------------------------------------
1970-01-01T08:00:00.0|7744              |-78144            |-774.4            |781.44             |
08+08:00             |                  |                  |                  |                   |
----------------------------------------------------------------------------------------------
1970-01-01T08:00:00.0|9801              |-98901            |-980.1            |989.01             |
09+08:00             |                  |                  |                  |                   |
----------------------------------------------------------------------------------------------
1970-01-01T08:00:00.0|100               |-1000             |-101.0            |100.1              |
10+08:00             |                  |                  |                  |                   |
总数目：10
}

Elapsed Time: 0.0.9
-- [1]396:select int32*date from t2 order by time
STRICT{
SQLSTATE : 701: Cannot apply operator: INT32 * DATE
}
-- [1]398:select int32*timestamp from t2 order by time
STRICT{
SQLSTATE : 701: Cannot apply operator: INT32 * TIMESTAMP
}
-- [1]400:select int32*boolean from t2 order by time
STRICT{
SQLSTATE : 701: Cannot apply operator: INT32 * BOOLEAN
}
-- [1]402:select int32*text from t2 order by time
STRICT{
SQLSTATE : 701: Cannot apply operator: INT32 * TEXT
}
-- [1]404:select int32*string from t2 order by time
STRICT{
SQLSTATE : 701: Cannot apply operator: INT32 * STRING
}
-- [1]406:select int32*blob from t2 order by time
STRICT{
SQLSTATE : 701: Cannot apply operator: INT32 * BLOB
}

-- [1]409:select time,int64*int32,int64*int64,int64*float,int64*double from t2 order by time
STRICT{
time(TIMESTAMP)      |_col1(INT64)      |_col2(INT64)      |_col3(FLOAT)      |_col4(DOUBLE)      |
----------------------------------------------------------------------------------------------
1970-01-01T08:00:00.0|null              |12321             |122.100006        |-123.21000000000001|
01+08:00             |                  |                  |                  |                   |
----------------------------------------------------------------------------------------------
1970-01-01T08:00:00.0|null              |null              |null              |null               |
02+08:00             |                  |                  |                  |                   |
----------------------------------------------------------------------------------------------
1970-01-01T08:00:00.0|-10989            |110889            |1098.9            |null               |
03+08:00             |                  |                  |                  |                   |
----------------------------------------------------------------------------------------------
1970-01-01T08:00:00.0|-19536            |197136            |null              |-1971.3600000000001|
04+08:00             |                  |                  |                  |                   |
----------------------------------------------------------------------------------------------
1970-01-01T08:00:00.0|-30525            |308025            |3052.5            |-3080.25           |
05+08:00             |                  |                  |                  |                   |
----------------------------------------------------------------------------------------------
1970-01-01T08:00:00.0|-43956            |443556            |4395.6            |-4435.56           |
06+08:00             |                  |                  |                  |                   |
----------------------------------------------------------------------------------------------
1970-01-01T08:00:00.0|-59829            |603729            |5982.9            |-6037.29           |
07+08:00             |                  |                  |                  |                   |
----------------------------------------------------------------------------------------------
1970-01-01T08:00:00.0|-78144            |788544            |7814.4004         |-7885.4400000000005|
08+08:00             |                  |                  |                  |                   |
----------------------------------------------------------------------------------------------
1970-01-01T08:00:00.0|-98901            |998001            |9890.1            |-9980.01           |
09+08:00             |                  |                  |                  |                   |
----------------------------------------------------------------------------------------------
1970-01-01T08:00:00.0|-1000             |10000             |1010.00006        |-1001.0            |
10+08:00             |                  |                  |                  |                   |
总数目：10
}

Elapsed Time: 0.0.7
-- [1]410:select int64*date from t2 order by time
STRICT{
SQLSTATE : 701: Cannot apply operator: INT64 * DATE
}
-- [1]412:select int64*timestamp from t2 order by time
STRICT{
SQLSTATE : 701: Cannot apply operator: INT64 * TIMESTAMP
}
-- [1]414:select int64*boolean from t2 order by time
STRICT{
SQLSTATE : 701: Cannot apply operator: INT64 * BOOLEAN
}
-- [1]416:select int64*text from t2 order by time
STRICT{
SQLSTATE : 701: Cannot apply operator: INT64 * TEXT
}
-- [1]418:select int64*string from t2 order by time
STRICT{
SQLSTATE : 701: Cannot apply operator: INT64 * STRING
}
-- [1]420:select int64*blob from t2 order by time
STRICT{
SQLSTATE : 701: Cannot apply operator: INT64 * BLOB
}

-- [1]423:select time,float*int32,float*int64,float*float,float*double from t2 order by time
STRICT{
time(TIMESTAMP)      |_col1(FLOAT)      |_col2(FLOAT)      |_col3(FLOAT)      |_col4(DOUBLE)      |
----------------------------------------------------------------------------------------------
1970-01-01T08:00:00.0|null              |122.100006        |1.21              |-1.2210000264644625|
01+08:00             |                  |                  |                  |                   |
----------------------------------------------------------------------------------------------
1970-01-01T08:00:00.0|-48.4             |null              |4.84              |-4.88400010585785  |
02+08:00             |                  |                  |                  |                   |
----------------------------------------------------------------------------------------------
1970-01-01T08:00:00.0|-108.9            |1098.9            |10.889999         |null               |
03+08:00             |                  |                  |                  |                   |
----------------------------------------------------------------------------------------------
1970-01-01T08:00:00.0|null              |null              |null              |null               |
04+08:00             |                  |                  |                  |                   |
----------------------------------------------------------------------------------------------
1970-01-01T08:00:00.0|-302.5            |3052.5            |30.25             |-30.525            |
05+08:00             |                  |                  |                  |                   |
----------------------------------------------------------------------------------------------
1970-01-01T08:00:00.0|-435.6            |4395.6            |43.559998         |-43.95599936485291 |
06+08:00             |                  |                  |                  |                   |
----------------------------------------------------------------------------------------------
1970-01-01T08:00:00.0|-592.89996        |5982.9            |59.289997         |-59.82899851799011 |
07+08:00             |                  |                  |                  |                   |
----------------------------------------------------------------------------------------------
1970-01-01T08:00:00.0|-774.4            |7814.4004         |77.44             |-78.1440016937256  |
08+08:00             |                  |                  |                  |                   |
----------------------------------------------------------------------------------------------
1970-01-01T08:00:00.0|-980.1            |9890.1            |98.009995         |-98.90099618911744 |
09+08:00             |                  |                  |                  |                   |
----------------------------------------------------------------------------------------------
1970-01-01T08:00:00.0|-101.0            |1010.00006        |102.01001         |-101.10100381851196|
10+08:00             |                  |                  |                  |                   |
总数目：10
}

Elapsed Time: 0.0.6
-- [1]424:select float*date from t2 order by time
STRICT{
SQLSTATE : 701: Cannot apply operator: FLOAT * DATE
}
-- [1]426:select float*timestamp from t2 order by time
STRICT{
SQLSTATE : 701: Cannot apply operator: FLOAT * TIMESTAMP
}
-- [1]428:select float*boolean from t2 order by time
STRICT{
SQLSTATE : 701: Cannot apply operator: FLOAT * BOOLEAN
}
-- [1]430:select float*text from t2 order by time
STRICT{
SQLSTATE : 701: Cannot apply operator: FLOAT * TEXT
}
-- [1]432:select float*string from t2 order by time
STRICT{
SQLSTATE : 701: Cannot apply operator: FLOAT * STRING
}
-- [1]434:select float*blob from t2 order by time
STRICT{
SQLSTATE : 701: Cannot apply operator: FLOAT * BLOB
}

-- [1]437:select time,double*int32,double*int64,double*float,double*double from t2 order by time
STRICT{
time(TIMESTAMP)      |_col1(DOUBLE)      |_col2(DOUBLE)      |_col3(DOUBLE)      |_col4(DOUBLE)      |
-------------------------------------------------------------------------------------------------
1970-01-01T08:00:00.0|null               |-123.21000000000001|-1.2210000264644625|1.2321000000000002 |
01+08:00             |                   |                   |                   |                   |
-------------------------------------------------------------------------------------------------
1970-01-01T08:00:00.0|48.84              |null               |-4.88400010585785  |4.928400000000001  |
02+08:00             |                   |                   |                   |                   |
-------------------------------------------------------------------------------------------------
1970-01-01T08:00:00.0|null               |null               |null               |null               |
03+08:00             |                   |                   |                   |                   |
-------------------------------------------------------------------------------------------------
1970-01-01T08:00:00.0|195.36             |-1971.3600000000001|null               |19.713600000000003 |
04+08:00             |                   |                   |                   |                   |
-------------------------------------------------------------------------------------------------
1970-01-01T08:00:00.0|305.25             |-3080.25           |-30.525            |30.8025            |
05+08:00             |                   |                   |                   |                   |
-------------------------------------------------------------------------------------------------
1970-01-01T08:00:00.0|439.56             |-4435.56           |-43.95599936485291 |44.3556            |
06+08:00             |                   |                   |                   |                   |
-------------------------------------------------------------------------------------------------
1970-01-01T08:00:00.0|598.29             |-6037.29           |-59.82899851799011 |60.372899999999994 |
07+08:00             |                   |                   |                   |                   |
-------------------------------------------------------------------------------------------------
1970-01-01T08:00:00.0|781.44             |-7885.4400000000005|-78.1440016937256  |78.85440000000001  |
08+08:00             |                   |                   |                   |                   |
-------------------------------------------------------------------------------------------------
1970-01-01T08:00:00.0|989.01             |-9980.01           |-98.90099618911744 |99.8001            |
09+08:00             |                   |                   |                   |                   |
-------------------------------------------------------------------------------------------------
1970-01-01T08:00:00.0|100.1              |-1001.0            |-101.10100381851196|100.20009999999999 |
10+08:00             |                   |                   |                   |                   |
总数目：10
}

Elapsed Time: 0.0.6
-- [1]438:select double*date from t2 order by time
STRICT{
SQLSTATE : 701: Cannot apply operator: DOUBLE * DATE
}
-- [1]440:select double*timestamp from t2 order by time
STRICT{
SQLSTATE : 701: Cannot apply operator: DOUBLE * TIMESTAMP
}
-- [1]442:select double*boolean from t2 order by time
STRICT{
SQLSTATE : 701: Cannot apply operator: DOUBLE * BOOLEAN
}
-- [1]444:select double*text from t2 order by time
STRICT{
SQLSTATE : 701: Cannot apply operator: DOUBLE * TEXT
}
-- [1]446:select double*string from t2 order by time
STRICT{
SQLSTATE : 701: Cannot apply operator: DOUBLE * STRING
}
-- [1]448:select double*blob from t2 order by time
STRICT{
SQLSTATE : 701: Cannot apply operator: DOUBLE * BLOB
}
-- [1]451:select date*int32 from t2 order by time
STRICT{
SQLSTATE : 701: Cannot apply operator: DATE * INT32
}
-- [1]453:select date*int64 from t2 order by time
STRICT{
SQLSTATE : 701: Cannot apply operator: DATE * INT64
}
-- [1]455:select date*float from t2 order by time
STRICT{
SQLSTATE : 701: Cannot apply operator: DATE * FLOAT
}
-- [1]457:select date*double from t2 order by time
STRICT{
SQLSTATE : 701: Cannot apply operator: DATE * DOUBLE
}
-- [1]459:select date*date from t2 order by time
STRICT{
SQLSTATE : 701: Cannot apply operator: DATE * DATE
}
-- [1]461:select date*timestamp from t2 order by time
STRICT{
SQLSTATE : 701: Cannot apply operator: DATE * TIMESTAMP
}
-- [1]463:select date*boolean from t2 order by time
STRICT{
SQLSTATE : 701: Cannot apply operator: DATE * BOOLEAN
}
-- [1]465:select date*text from t2 order by time
STRICT{
SQLSTATE : 701: Cannot apply operator: DATE * TEXT
}
-- [1]467:select date*string from t2 order by time
STRICT{
SQLSTATE : 701: Cannot apply operator: DATE * STRING
}
-- [1]469:select date*blob from t2 order by time
STRICT{
SQLSTATE : 701: Cannot apply operator: DATE * BLOB
}
-- [1]472:select timestamp*int32 from t2 order by time
STRICT{
SQLSTATE : 701: Cannot apply operator: TIMESTAMP * INT32
}
-- [1]474:select timestamp*int64 from t2 order by time
STRICT{
SQLSTATE : 701: Cannot apply operator: TIMESTAMP * INT64
}
-- [1]476:select timestamp*float from t2 order by time
STRICT{
SQLSTATE : 701: Cannot apply operator: TIMESTAMP * FLOAT
}
-- [1]478:select timestamp*double from t2 order by time
STRICT{
SQLSTATE : 701: Cannot apply operator: TIMESTAMP * DOUBLE
}
-- [1]480:select timestamp*date from t2 order by time
STRICT{
SQLSTATE : 701: Cannot apply operator: TIMESTAMP * DATE
}
-- [1]482:select timestamp*timestamp from t2 order by time
STRICT{
SQLSTATE : 701: Cannot apply operator: TIMESTAMP * TIMESTAMP
}
-- [1]484:select timestamp*boolean from t2 order by time
STRICT{
SQLSTATE : 701: Cannot apply operator: TIMESTAMP * BOOLEAN
}
-- [1]486:select timestamp*text from t2 order by time
STRICT{
SQLSTATE : 701: Cannot apply operator: TIMESTAMP * TEXT
}
-- [1]488:select timestamp*string from t2 order by time
STRICT{
SQLSTATE : 701: Cannot apply operator: TIMESTAMP * STRING
}
-- [1]490:select timestamp*blob from t2 order by time
STRICT{
SQLSTATE : 701: Cannot apply operator: TIMESTAMP * BLOB
}
-- [1]493:select boolean*int32 from t2 order by time
STRICT{
SQLSTATE : 701: Cannot apply operator: BOOLEAN * INT32
}
-- [1]495:select boolean*int64 from t2 order by time
STRICT{
SQLSTATE : 701: Cannot apply operator: BOOLEAN * INT64
}
-- [1]497:select boolean*float from t2 order by time
STRICT{
SQLSTATE : 701: Cannot apply operator: BOOLEAN * FLOAT
}
-- [1]499:select boolean*double from t2 order by time
STRICT{
SQLSTATE : 701: Cannot apply operator: BOOLEAN * DOUBLE
}
-- [1]501:select boolean*date from t2 order by time
STRICT{
SQLSTATE : 701: Cannot apply operator: BOOLEAN * DATE
}
-- [1]503:select boolean*timestamp from t2 order by time
STRICT{
SQLSTATE : 701: Cannot apply operator: BOOLEAN * TIMESTAMP
}
-- [1]505:select boolean*boolean from t2 order by time
STRICT{
SQLSTATE : 701: Cannot apply operator: BOOLEAN * BOOLEAN
}
-- [1]507:select boolean*text from t2 order by time
STRICT{
SQLSTATE : 701: Cannot apply operator: BOOLEAN * TEXT
}
-- [1]509:select boolean*string from t2 order by time
STRICT{
SQLSTATE : 701: Cannot apply operator: BOOLEAN * STRING
}
-- [1]511:select boolean*blob from t2 order by time
STRICT{
SQLSTATE : 701: Cannot apply operator: BOOLEAN * BLOB
EXPECT:PASS
}
-- [1]513:select text*int32 from t2 order by time
STRICT{
SQLSTATE : 701: Cannot apply operator: TEXT * INT32
}
-- [1]515:select text*int64 from t2 order by time
STRICT{
SQLSTATE : 701: Cannot apply operator: TEXT * INT64
}
-- [1]517:select text*float from t2 order by time
STRICT{
SQLSTATE : 701: Cannot apply operator: TEXT * FLOAT
}
-- [1]519:select text*double from t2 order by time
STRICT{
SQLSTATE : 701: Cannot apply operator: TEXT * DOUBLE
}
-- [1]521:select text*date from t2 order by time
STRICT{
SQLSTATE : 701: Cannot apply operator: TEXT * DATE
}
-- [1]523:select text*timestamp from t2 order by time
STRICT{
SQLSTATE : 701: Cannot apply operator: TEXT * TIMESTAMP
}
-- [1]525:select text*boolean from t2 order by time
STRICT{
SQLSTATE : 701: Cannot apply operator: TEXT * BOOLEAN
}
-- [1]527:select text*text from t2 order by time
STRICT{
SQLSTATE : 701: Cannot apply operator: TEXT * TEXT
}
-- [1]529:select text*string from t2 order by time
STRICT{
SQLSTATE : 701: Cannot apply operator: TEXT * STRING
}
-- [1]531:select text*blob from t2 order by time
STRICT{
SQLSTATE : 701: Cannot apply operator: TEXT * BLOB
EXPECT:PASS
}
-- [1]533:select string*int32 from t2 order by time
STRICT{
SQLSTATE : 701: Cannot apply operator: STRING * INT32
}
-- [1]535:select string*int64 from t2 order by time
STRICT{
SQLSTATE : 701: Cannot apply operator: STRING * INT64
}
-- [1]537:select string*float from t2 order by time
STRICT{
SQLSTATE : 701: Cannot apply operator: STRING * FLOAT
}
-- [1]539:select string*double from t2 order by time
STRICT{
SQLSTATE : 701: Cannot apply operator: STRING * DOUBLE
}
-- [1]541:select string*date from t2 order by time
STRICT{
SQLSTATE : 701: Cannot apply operator: STRING * DATE
}
-- [1]543:select string*timestamp from t2 order by time
STRICT{
SQLSTATE : 701: Cannot apply operator: STRING * TIMESTAMP
}
-- [1]545:select string*boolean from t2 order by time
STRICT{
SQLSTATE : 701: Cannot apply operator: STRING * BOOLEAN
}
-- [1]547:select string*text from t2 order by time
STRICT{
SQLSTATE : 701: Cannot apply operator: STRING * TEXT
}
-- [1]549:select string*string from t2 order by time
STRICT{
SQLSTATE : 701: Cannot apply operator: STRING * STRING
}
-- [1]551:select string*blob from t2 order by time
STRICT{
SQLSTATE : 701: Cannot apply operator: STRING * BLOB
EXPECT:PASS
}
-- [1]553:select blob*int32 from t2 order by time
STRICT{
SQLSTATE : 701: Cannot apply operator: BLOB * INT32
}
-- [1]555:select blob*int64 from t2 order by time
STRICT{
SQLSTATE : 701: Cannot apply operator: BLOB * INT64
}
-- [1]557:select blob*float from t2 order by time
STRICT{
SQLSTATE : 701: Cannot apply operator: BLOB * FLOAT
}
-- [1]559:select blob*double from t2 order by time
STRICT{
SQLSTATE : 701: Cannot apply operator: BLOB * DOUBLE
}
-- [1]561:select blob*date from t2 order by time
STRICT{
SQLSTATE : 701: Cannot apply operator: BLOB * DATE
}
-- [1]563:select blob*timestamp from t2 order by time
STRICT{
SQLSTATE : 701: Cannot apply operator: BLOB * TIMESTAMP
}
-- [1]565:select blob*boolean from t2 order by time
STRICT{
SQLSTATE : 701: Cannot apply operator: BLOB * BOOLEAN
}
-- [1]567:select blob*text from t2 order by time
STRICT{
SQLSTATE : 701: Cannot apply operator: BLOB * TEXT
}
-- [1]569:select blob*string from t2 order by time
STRICT{
SQLSTATE : 701: Cannot apply operator: BLOB * STRING
}
-- [1]571:select blob*blob from t2 order by time
STRICT{
SQLSTATE : 701: Cannot apply operator: BLOB * BLOB
}

-- [1]577:select time,int32/int32,int32/int64,int32/float,int32/double from t2 order by time
STRICT{
time(TIMESTAMP)      |_col1(INT32)      |_col2(INT64)      |_col3(FLOAT)      |_col4(DOUBLE)      |
----------------------------------------------------------------------------------------------
1970-01-01T08:00:00.0|null              |null              |null              |null               |
01+08:00             |                  |                  |                  |                   |
----------------------------------------------------------------------------------------------
1970-01-01T08:00:00.0|1                 |null              |-10.0             |9.909909909909908  |
02+08:00             |                  |                  |                  |                   |
----------------------------------------------------------------------------------------------
1970-01-01T08:00:00.0|1                 |0                 |-10.0             |null               |
03+08:00             |                  |                  |                  |                   |
----------------------------------------------------------------------------------------------
1970-01-01T08:00:00.0|1                 |0                 |null              |9.909909909909908  |
04+08:00             |                  |                  |                  |                   |
----------------------------------------------------------------------------------------------
1970-01-01T08:00:00.0|1                 |0                 |-10.0             |9.90990990990991   |
05+08:00             |                  |                  |                  |                   |
----------------------------------------------------------------------------------------------
1970-01-01T08:00:00.0|1                 |0                 |-10.0             |9.90990990990991   |
06+08:00             |                  |                  |                  |                   |
----------------------------------------------------------------------------------------------
1970-01-01T08:00:00.0|1                 |0                 |-10.0             |9.90990990990991   |
07+08:00             |                  |                  |                  |                   |
----------------------------------------------------------------------------------------------
1970-01-01T08:00:00.0|1                 |0                 |-10.0             |9.909909909909908  |
08+08:00             |                  |                  |                  |                   |
----------------------------------------------------------------------------------------------
1970-01-01T08:00:00.0|1                 |0                 |-10.0             |9.90990990990991   |
09+08:00             |                  |                  |                  |                   |
----------------------------------------------------------------------------------------------
1970-01-01T08:00:00.0|1                 |0                 |-0.99009895       |0.999000999000999  |
10+08:00             |                  |                  |                  |                   |
总数目：10
}

Elapsed Time: 0.0.8
-- [1]578:select int32/date from t2 order by time
STRICT{
SQLSTATE : 701: Cannot apply operator: INT32 / DATE
}
-- [1]580:select int32/timestamp from t2 order by time
STRICT{
SQLSTATE : 701: Cannot apply operator: INT32 / TIMESTAMP
}
-- [1]582:select int32/boolean from t2 order by time
STRICT{
SQLSTATE : 701: Cannot apply operator: INT32 / BOOLEAN
}
-- [1]584:select int32/text from t2 order by time
STRICT{
SQLSTATE : 701: Cannot apply operator: INT32 / TEXT
}
-- [1]586:select int32/string from t2 order by time
STRICT{
SQLSTATE : 701: Cannot apply operator: INT32 / STRING
}
-- [1]588:select int32/blob from t2 order by time
STRICT{
SQLSTATE : 701: Cannot apply operator: INT32 / BLOB
}

-- [1]591:select time,int64/int32,int64/int64,int64/float,int64/double from t2 order by time
STRICT{
time(TIMESTAMP)      |_col1(INT64)      |_col2(INT64)      |_col3(FLOAT)      |_col4(DOUBLE)      |
----------------------------------------------------------------------------------------------
1970-01-01T08:00:00.0|null              |1                 |100.90909         |-99.99999999999999 |
01+08:00             |                  |                  |                  |                   |
----------------------------------------------------------------------------------------------
1970-01-01T08:00:00.0|null              |null              |null              |null               |
02+08:00             |                  |                  |                  |                   |
----------------------------------------------------------------------------------------------
1970-01-01T08:00:00.0|-10               |1                 |100.909096        |null               |
03+08:00             |                  |                  |                  |                   |
----------------------------------------------------------------------------------------------
1970-01-01T08:00:00.0|-10               |1                 |null              |-99.99999999999999 |
04+08:00             |                  |                  |                  |                   |
----------------------------------------------------------------------------------------------
1970-01-01T08:00:00.0|-10               |1                 |100.90909         |-100.0             |
05+08:00             |                  |                  |                  |                   |
----------------------------------------------------------------------------------------------
1970-01-01T08:00:00.0|-10               |1                 |100.909096        |-100.0             |
06+08:00             |                  |                  |                  |                   |
----------------------------------------------------------------------------------------------
1970-01-01T08:00:00.0|-10               |1                 |100.909096        |-100.0             |
07+08:00             |                  |                  |                  |                   |
----------------------------------------------------------------------------------------------
1970-01-01T08:00:00.0|-10               |1                 |100.90909         |-99.99999999999999 |
08+08:00             |                  |                  |                  |                   |
----------------------------------------------------------------------------------------------
1970-01-01T08:00:00.0|-10               |1                 |100.909096        |-100.0             |
09+08:00             |                  |                  |                  |                   |
----------------------------------------------------------------------------------------------
1970-01-01T08:00:00.0|-10               |1                 |9.90099           |-9.990009990009991 |
10+08:00             |                  |                  |                  |                   |
总数目：10
}

Elapsed Time: 0.0.6
-- [1]592:select int64/date from t2 order by time
STRICT{
SQLSTATE : 701: Cannot apply operator: INT64 / DATE
}
-- [1]594:select int64/timestamp from t2 order by time
STRICT{
SQLSTATE : 701: Cannot apply operator: INT64 / TIMESTAMP
}
-- [1]596:select int64/boolean from t2 order by time
STRICT{
SQLSTATE : 701: Cannot apply operator: INT64 / BOOLEAN
}
-- [1]598:select int64/text from t2 order by time
STRICT{
SQLSTATE : 701: Cannot apply operator: INT64 / TEXT
}
-- [1]600:select int64/string from t2 order by time
STRICT{
SQLSTATE : 701: Cannot apply operator: INT64 / STRING
}
-- [1]602:select int64/blob from t2 order by time
STRICT{
SQLSTATE : 701: Cannot apply operator: INT64 / BLOB
}

-- [1]605:select time,float/int32,float/int64,float/float,float/double from t2 order by time
STRICT{
time(TIMESTAMP)      |_col1(FLOAT)      |_col2(FLOAT)      |_col3(FLOAT)      |_col4(DOUBLE)      |
----------------------------------------------------------------------------------------------
1970-01-01T08:00:00.0|null              |0.00990991        |1.0               |-0.9909910124701422|
01+08:00             |                  |                  |                  |                   |
----------------------------------------------------------------------------------------------
1970-01-01T08:00:00.0|-0.1              |null              |1.0               |-0.9909910124701422|
02+08:00             |                  |                  |                  |                   |
----------------------------------------------------------------------------------------------
1970-01-01T08:00:00.0|-0.1              |0.00990991        |1.0               |null               |
03+08:00             |                  |                  |                  |                   |
----------------------------------------------------------------------------------------------
1970-01-01T08:00:00.0|null              |null              |null              |null               |
04+08:00             |                  |                  |                  |                   |
----------------------------------------------------------------------------------------------
1970-01-01T08:00:00.0|-0.1              |0.00990991        |1.0               |-0.990990990990991 |
05+08:00             |                  |                  |                  |                   |
----------------------------------------------------------------------------------------------
1970-01-01T08:00:00.0|-0.1              |0.00990991        |1.0               |-0.9909909766715568|
06+08:00             |                  |                  |                  |                   |
----------------------------------------------------------------------------------------------
1970-01-01T08:00:00.0|-0.099999994      |0.009909909       |1.0               |-0.9909909664433896|
07+08:00             |                  |                  |                  |                   |
----------------------------------------------------------------------------------------------
1970-01-01T08:00:00.0|-0.1              |0.00990991        |1.0               |-0.9909910124701422|
08+08:00             |                  |                  |                  |                   |
----------------------------------------------------------------------------------------------
1970-01-01T08:00:00.0|-0.099999994      |0.009909909       |1.0               |-0.9909909528058332|
09+08:00             |                  |                  |                  |                   |
----------------------------------------------------------------------------------------------
1970-01-01T08:00:00.0|-1.01             |0.101             |1.0               |-1.0089910470998729|
10+08:00             |                  |                  |                  |                   |
总数目：10
}

Elapsed Time: 0.0.8
-- [1]606:select float/date from t2 order by time
STRICT{
SQLSTATE : 701: Cannot apply operator: FLOAT / DATE
}
-- [1]608:select float/timestamp from t2 order by time
STRICT{
SQLSTATE : 701: Cannot apply operator: FLOAT / TIMESTAMP
}
-- [1]610:select float/boolean from t2 order by time
STRICT{
SQLSTATE : 701: Cannot apply operator: FLOAT / BOOLEAN
}
-- [1]612:select float/text from t2 order by time
STRICT{
SQLSTATE : 701: Cannot apply operator: FLOAT / TEXT
}
-- [1]614:select float/string from t2 order by time
STRICT{
SQLSTATE : 701: Cannot apply operator: FLOAT / STRING
}
-- [1]616:select float/blob from t2 order by time
STRICT{
SQLSTATE : 701: Cannot apply operator: FLOAT / BLOB
}

-- [1]619:select time,double/int32,double/int64,double/float,double/double from t2 order by time
STRICT{
time(TIMESTAMP)      |_col1(DOUBLE)      |_col2(DOUBLE)      |_col3(DOUBLE)      |_col4(DOUBLE)      |
-------------------------------------------------------------------------------------------------
1970-01-01T08:00:00.0|null               |-0.01              |-1.0090908872194533|1.0                |
01+08:00             |                   |                   |                   |                   |
-------------------------------------------------------------------------------------------------
1970-01-01T08:00:00.0|0.10090909090909092|null               |-1.0090908872194533|1.0                |
02+08:00             |                   |                   |                   |                   |
-------------------------------------------------------------------------------------------------
1970-01-01T08:00:00.0|null               |null               |null               |null               |
03+08:00             |                   |                   |                   |                   |
-------------------------------------------------------------------------------------------------
1970-01-01T08:00:00.0|0.10090909090909092|-0.01              |null               |1.0                |
04+08:00             |                   |                   |                   |                   |
-------------------------------------------------------------------------------------------------
1970-01-01T08:00:00.0|0.1009090909090909 |-0.01              |-1.009090909090909 |1.0                |
05+08:00             |                   |                   |                   |                   |
-------------------------------------------------------------------------------------------------
1970-01-01T08:00:00.0|0.1009090909090909 |-0.01              |-1.0090909236718804|1.0                |
06+08:00             |                   |                   |                   |                   |
-------------------------------------------------------------------------------------------------
1970-01-01T08:00:00.0|0.1009090909090909 |-0.01              |-1.00909093408686  |1.0                |
07+08:00             |                   |                   |                   |                   |
-------------------------------------------------------------------------------------------------
1970-01-01T08:00:00.0|0.10090909090909092|-0.01              |-1.0090908872194533|1.0                |
08+08:00             |                   |                   |                   |                   |
-------------------------------------------------------------------------------------------------
1970-01-01T08:00:00.0|0.1009090909090909 |-0.01              |-1.0090909479734997|1.0                |
09+08:00             |                   |                   |                   |                   |
-------------------------------------------------------------------------------------------------
1970-01-01T08:00:00.0|1.001              |-0.1001            |-0.9910890714781706|1.0                |
10+08:00             |                   |                   |                   |                   |
总数目：10
}

Elapsed Time: 0.0.7
-- [1]620:select double/date from t2 order by time
STRICT{
SQLSTATE : 701: Cannot apply operator: DOUBLE / DATE
}
-- [1]622:select double/timestamp from t2 order by time
STRICT{
SQLSTATE : 701: Cannot apply operator: DOUBLE / TIMESTAMP
}
-- [1]624:select double/boolean from t2 order by time
STRICT{
SQLSTATE : 701: Cannot apply operator: DOUBLE / BOOLEAN
}
-- [1]626:select double/text from t2 order by time
STRICT{
SQLSTATE : 701: Cannot apply operator: DOUBLE / TEXT
}
-- [1]628:select double/string from t2 order by time
STRICT{
SQLSTATE : 701: Cannot apply operator: DOUBLE / STRING
}
-- [1]630:select double/blob from t2 order by time
STRICT{
SQLSTATE : 701: Cannot apply operator: DOUBLE / BLOB
}
-- [1]633:select date/int32 from t2 order by time
STRICT{
SQLSTATE : 701: Cannot apply operator: DATE / INT32
}
-- [1]635:select date/int64 from t2 order by time
STRICT{
SQLSTATE : 701: Cannot apply operator: DATE / INT64
}
-- [1]637:select date/float from t2 order by time
STRICT{
SQLSTATE : 701: Cannot apply operator: DATE / FLOAT
}
-- [1]639:select date/double from t2 order by time
STRICT{
SQLSTATE : 701: Cannot apply operator: DATE / DOUBLE
}
-- [1]641:select date/date from t2 order by time
STRICT{
SQLSTATE : 701: Cannot apply operator: DATE / DATE
}
-- [1]643:select date/timestamp from t2 order by time
STRICT{
SQLSTATE : 701: Cannot apply operator: DATE / TIMESTAMP
}
-- [1]645:select date/boolean from t2 order by time
STRICT{
SQLSTATE : 701: Cannot apply operator: DATE / BOOLEAN
}
-- [1]647:select date/text from t2 order by time
STRICT{
SQLSTATE : 701: Cannot apply operator: DATE / TEXT
}
-- [1]649:select date/string from t2 order by time
STRICT{
SQLSTATE : 701: Cannot apply operator: DATE / STRING
}
-- [1]651:select date/blob from t2 order by time
STRICT{
SQLSTATE : 701: Cannot apply operator: DATE / BLOB
}
-- [1]654:select timestamp/int32 from t2 order by time
STRICT{
SQLSTATE : 701: Cannot apply operator: TIMESTAMP / INT32
}
-- [1]656:select timestamp/int64 from t2 order by time
STRICT{
SQLSTATE : 701: Cannot apply operator: TIMESTAMP / INT64
}
-- [1]658:select timestamp/float from t2 order by time
STRICT{
SQLSTATE : 701: Cannot apply operator: TIMESTAMP / FLOAT
}
-- [1]660:select timestamp/double from t2 order by time
STRICT{
SQLSTATE : 701: Cannot apply operator: TIMESTAMP / DOUBLE
}
-- [1]662:select timestamp/date from t2 order by time
STRICT{
SQLSTATE : 701: Cannot apply operator: TIMESTAMP / DATE
}
-- [1]664:select timestamp/timestamp from t2 order by time
STRICT{
SQLSTATE : 701: Cannot apply operator: TIMESTAMP / TIMESTAMP
}
-- [1]666:select timestamp/boolean from t2 order by time
STRICT{
SQLSTATE : 701: Cannot apply operator: TIMESTAMP / BOOLEAN
}
-- [1]668:select timestamp/text from t2 order by time
STRICT{
SQLSTATE : 701: Cannot apply operator: TIMESTAMP / TEXT
}
-- [1]670:select timestamp/string from t2 order by time
STRICT{
SQLSTATE : 701: Cannot apply operator: TIMESTAMP / STRING
}
-- [1]672:select timestamp/blob from t2 order by time
STRICT{
SQLSTATE : 701: Cannot apply operator: TIMESTAMP / BLOB
}
-- [1]675:select boolean/int32 from t2 order by time
STRICT{
SQLSTATE : 701: Cannot apply operator: BOOLEAN / INT32
}
-- [1]677:select boolean/int64 from t2 order by time
STRICT{
SQLSTATE : 701: Cannot apply operator: BOOLEAN / INT64
}
-- [1]679:select boolean/float from t2 order by time
STRICT{
SQLSTATE : 701: Cannot apply operator: BOOLEAN / FLOAT
}
-- [1]681:select boolean/double from t2 order by time
STRICT{
SQLSTATE : 701: Cannot apply operator: BOOLEAN / DOUBLE
}
-- [1]683:select boolean/date from t2 order by time
STRICT{
SQLSTATE : 701: Cannot apply operator: BOOLEAN / DATE
}
-- [1]685:select boolean/timestamp from t2 order by time
STRICT{
SQLSTATE : 701: Cannot apply operator: BOOLEAN / TIMESTAMP
}
-- [1]687:select boolean/boolean from t2 order by time
STRICT{
SQLSTATE : 701: Cannot apply operator: BOOLEAN / BOOLEAN
}
-- [1]689:select boolean/text from t2 order by time
STRICT{
SQLSTATE : 701: Cannot apply operator: BOOLEAN / TEXT
}
-- [1]691:select boolean/string from t2 order by time
STRICT{
SQLSTATE : 701: Cannot apply operator: BOOLEAN / STRING
}
-- [1]693:select boolean/blob from t2 order by time
STRICT{
SQLSTATE : 701: Cannot apply operator: BOOLEAN / BLOB
EXPECT:PASS
}
-- [1]695:select text/int32 from t2 order by time
STRICT{
SQLSTATE : 701: Cannot apply operator: TEXT / INT32
}
-- [1]697:select text/int64 from t2 order by time
STRICT{
SQLSTATE : 701: Cannot apply operator: TEXT / INT64
}
-- [1]699:select text/float from t2 order by time
STRICT{
SQLSTATE : 701: Cannot apply operator: TEXT / FLOAT
}
-- [1]701:select text/double from t2 order by time
STRICT{
SQLSTATE : 701: Cannot apply operator: TEXT / DOUBLE
}
-- [1]703:select text/date from t2 order by time
STRICT{
SQLSTATE : 701: Cannot apply operator: TEXT / DATE
}
-- [1]705:select text/timestamp from t2 order by time
STRICT{
SQLSTATE : 701: Cannot apply operator: TEXT / TIMESTAMP
}
-- [1]707:select text/boolean from t2 order by time
STRICT{
SQLSTATE : 701: Cannot apply operator: TEXT / BOOLEAN
}
-- [1]709:select text/text from t2 order by time
STRICT{
SQLSTATE : 701: Cannot apply operator: TEXT / TEXT
}
-- [1]711:select text/string from t2 order by time
STRICT{
SQLSTATE : 701: Cannot apply operator: TEXT / STRING
}
-- [1]713:select text/blob from t2 order by time
STRICT{
SQLSTATE : 701: Cannot apply operator: TEXT / BLOB
EXPECT:PASS
}
-- [1]715:select string/int32 from t2 order by time
STRICT{
SQLSTATE : 701: Cannot apply operator: STRING / INT32
}
-- [1]717:select string/int64 from t2 order by time
STRICT{
SQLSTATE : 701: Cannot apply operator: STRING / INT64
}
-- [1]719:select string/float from t2 order by time
STRICT{
SQLSTATE : 701: Cannot apply operator: STRING / FLOAT
}
-- [1]721:select string/double from t2 order by time
STRICT{
SQLSTATE : 701: Cannot apply operator: STRING / DOUBLE
}
-- [1]723:select string/date from t2 order by time
STRICT{
SQLSTATE : 701: Cannot apply operator: STRING / DATE
}
-- [1]725:select string/timestamp from t2 order by time
STRICT{
SQLSTATE : 701: Cannot apply operator: STRING / TIMESTAMP
}
-- [1]727:select string/boolean from t2 order by time
STRICT{
SQLSTATE : 701: Cannot apply operator: STRING / BOOLEAN
}
-- [1]729:select string/text from t2 order by time
STRICT{
SQLSTATE : 701: Cannot apply operator: STRING / TEXT
}
-- [1]731:select string/string from t2 order by time
STRICT{
SQLSTATE : 701: Cannot apply operator: STRING / STRING
}
-- [1]733:select string/blob from t2 order by time
STRICT{
SQLSTATE : 701: Cannot apply operator: STRING / BLOB
EXPECT:PASS
}
-- [1]735:select blob/int32 from t2 order by time
STRICT{
SQLSTATE : 701: Cannot apply operator: BLOB / INT32
}
-- [1]737:select blob/int64 from t2 order by time
STRICT{
SQLSTATE : 701: Cannot apply operator: BLOB / INT64
}
-- [1]739:select blob/float from t2 order by time
STRICT{
SQLSTATE : 701: Cannot apply operator: BLOB / FLOAT
}
-- [1]741:select blob/double from t2 order by time
STRICT{
SQLSTATE : 701: Cannot apply operator: BLOB / DOUBLE
}
-- [1]743:select blob/date from t2 order by time
STRICT{
SQLSTATE : 701: Cannot apply operator: BLOB / DATE
}
-- [1]745:select blob/timestamp from t2 order by time
STRICT{
SQLSTATE : 701: Cannot apply operator: BLOB / TIMESTAMP
}
-- [1]747:select blob/boolean from t2 order by time
STRICT{
SQLSTATE : 701: Cannot apply operator: BLOB / BOOLEAN
}
-- [1]749:select blob/text from t2 order by time
STRICT{
SQLSTATE : 701: Cannot apply operator: BLOB / TEXT
}
-- [1]751:select blob/string from t2 order by time
STRICT{
SQLSTATE : 701: Cannot apply operator: BLOB / STRING
}
-- [1]753:select blob/blob from t2 order by time
STRICT{
SQLSTATE : 701: Cannot apply operator: BLOB / BLOB
}

-- [1]759:select time,int32%int32,int32%int64,int32%float,int32%double from t2 order by time
STRICT{
time(TIMESTAMP)      |_col1(INT32)      |_col2(INT64)      |_col3(FLOAT)      |_col4(DOUBLE)      |
----------------------------------------------------------------------------------------------
1970-01-01T08:00:00.0|null              |null              |null              |null               |
01+08:00             |                  |                  |                  |                   |
----------------------------------------------------------------------------------------------
1970-01-01T08:00:00.0|0                 |null              |-2.1999996        |-2.0199999999999982|
02+08:00             |                  |                  |                  |                   |
----------------------------------------------------------------------------------------------
1970-01-01T08:00:00.0|0                 |33                |4.7683716E-7      |null               |
03+08:00             |                  |                  |                  |                   |
----------------------------------------------------------------------------------------------
1970-01-01T08:00:00.0|0                 |-44               |null              |-4.0399999999999965|
04+08:00             |                  |                  |                  |                   |
----------------------------------------------------------------------------------------------
1970-01-01T08:00:00.0|0                 |55                |0.0               |5.050000000000002  |
05+08:00             |                  |                  |                  |                   |
----------------------------------------------------------------------------------------------
1970-01-01T08:00:00.0|0                 |-66               |-9.536743E-7      |-6.059999999999999 |
06+08:00             |                  |                  |                  |                   |
----------------------------------------------------------------------------------------------
1970-01-01T08:00:00.0|0                 |77                |1.9073486E-6      |7.070000000000004  |
07+08:00             |                  |                  |                  |                   |
----------------------------------------------------------------------------------------------
1970-01-01T08:00:00.0|0                 |-88               |-8.799998         |-8.079999999999993 |
08+08:00             |                  |                  |                  |                   |
----------------------------------------------------------------------------------------------
1970-01-01T08:00:00.0|0                 |99                |3.8146973E-6      |9.089999999999998  |
09+08:00             |                  |                  |                  |                   |
----------------------------------------------------------------------------------------------
1970-01-01T08:00:00.0|0                 |-10               |-10.0             |-10.0              |
10+08:00             |                  |                  |                  |                   |
总数目：10
}

Elapsed Time: 0.0.8
-- [1]760:select int32%date from t2 order by time
STRICT{
SQLSTATE : 701: Cannot apply operator: INT32 % DATE
}
-- [1]762:select int32%timestamp from t2 order by time
STRICT{
SQLSTATE : 701: Cannot apply operator: INT32 % TIMESTAMP
}
-- [1]764:select int32%boolean from t2 order by time
STRICT{
SQLSTATE : 701: Cannot apply operator: INT32 % BOOLEAN
}
-- [1]766:select int32%text from t2 order by time
STRICT{
SQLSTATE : 701: Cannot apply operator: INT32 % TEXT
}
-- [1]768:select int32%string from t2 order by time
STRICT{
SQLSTATE : 701: Cannot apply operator: INT32 % STRING
}
-- [1]770:select int32%blob from t2 order by time
STRICT{
SQLSTATE : 701: Cannot apply operator: INT32 % BLOB
}

-- [1]773:select time,int64%int32,int64%int64,int64%float,int64%double from t2 order by time
STRICT{
time(TIMESTAMP)      |_col1(INT64)      |_col2(INT64)      |_col3(FLOAT)      |_col4(DOUBLE)      |
----------------------------------------------------------------------------------------------
1970-01-01T08:00:00.0|null              |0                 |-0.9999976        |-1.1099999999999903|
01+08:00             |                  |                  |                  |                   |
----------------------------------------------------------------------------------------------
1970-01-01T08:00:00.0|null              |null              |null              |null               |
02+08:00             |                  |                  |                  |                   |
----------------------------------------------------------------------------------------------
1970-01-01T08:00:00.0|-3                |0                 |-3.0000048        |null               |
03+08:00             |                  |                  |                  |                   |
----------------------------------------------------------------------------------------------
1970-01-01T08:00:00.0|4                 |0                 |null              |4.439999999999961  |
04+08:00             |                  |                  |                  |                   |
----------------------------------------------------------------------------------------------
1970-01-01T08:00:00.0|-5                |0                 |-5.0              |-1.7763568394002505|
05+08:00             |                  |                  |                  |E-14               |
----------------------------------------------------------------------------------------------
1970-01-01T08:00:00.0|6                 |0                 |6.0000095         |6.659999999999986  |
06+08:00             |                  |                  |                  |                   |
----------------------------------------------------------------------------------------------
1970-01-01T08:00:00.0|-7                |0                 |-7.000019         |-4.263256414560601E|
07+08:00             |                  |                  |                  |-14                |
----------------------------------------------------------------------------------------------
1970-01-01T08:00:00.0|8                 |0                 |7.999981          |8.879999999999923  |
08+08:00             |                  |                  |                  |                   |
----------------------------------------------------------------------------------------------
1970-01-01T08:00:00.0|-9                |0                 |-9.000038         |-9.989999999999979 |
09+08:00             |                  |                  |                  |                   |
----------------------------------------------------------------------------------------------
1970-01-01T08:00:00.0|0                 |0                 |9.099997          |9.910000000000002  |
10+08:00             |                  |                  |                  |                   |
总数目：10
}

Elapsed Time: 0.0.6
-- [1]774:select int64%date from t2 order by time
STRICT{
SQLSTATE : 701: Cannot apply operator: INT64 % DATE
}
-- [1]776:select int64%timestamp from t2 order by time
STRICT{
SQLSTATE : 701: Cannot apply operator: INT64 % TIMESTAMP
}
-- [1]778:select int64%boolean from t2 order by time
STRICT{
SQLSTATE : 701: Cannot apply operator: INT64 % BOOLEAN
}
-- [1]780:select int64%text from t2 order by time
STRICT{
SQLSTATE : 701: Cannot apply operator: INT64 % TEXT
}
-- [1]782:select int64%string from t2 order by time
STRICT{
SQLSTATE : 701: Cannot apply operator: INT64 % STRING
}
-- [1]784:select int64%blob from t2 order by time
STRICT{
SQLSTATE : 701: Cannot apply operator: INT64 % BLOB
}

-- [1]787:select time,float%int32,float%int64,float%float,float%double from t2 order by time
STRICT{
time(TIMESTAMP)      |_col1(FLOAT)      |_col2(FLOAT)      |_col3(FLOAT)      |_col4(DOUBLE)      |
----------------------------------------------------------------------------------------------
1970-01-01T08:00:00.0|null              |-1.1              |-0.0              |-1.100000023841858 |
01+08:00             |                  |                  |                  |                   |
----------------------------------------------------------------------------------------------
1970-01-01T08:00:00.0|2.2               |null              |0.0               |2.200000047683716  |
02+08:00             |                  |                  |                  |                   |
----------------------------------------------------------------------------------------------
1970-01-01T08:00:00.0|-3.3              |-3.3              |-0.0              |null               |
03+08:00             |                  |                  |                  |                   |
----------------------------------------------------------------------------------------------
1970-01-01T08:00:00.0|null              |null              |null              |null               |
04+08:00             |                  |                  |                  |                   |
----------------------------------------------------------------------------------------------
1970-01-01T08:00:00.0|-5.5              |-5.5              |-0.0              |-5.5               |
05+08:00             |                  |                  |                  |                   |
----------------------------------------------------------------------------------------------
1970-01-01T08:00:00.0|6.6               |6.6               |0.0               |6.599999904632568  |
06+08:00             |                  |                  |                  |                   |
----------------------------------------------------------------------------------------------
1970-01-01T08:00:00.0|-7.7              |-7.7              |-0.0              |-7.699999809265137 |
07+08:00             |                  |                  |                  |                   |
----------------------------------------------------------------------------------------------
1970-01-01T08:00:00.0|8.8               |8.8               |0.0               |8.800000190734863  |
08+08:00             |                  |                  |                  |                   |
----------------------------------------------------------------------------------------------
1970-01-01T08:00:00.0|-9.9              |-9.9              |-0.0              |-9.899999618530273 |
09+08:00             |                  |                  |                  |                   |
----------------------------------------------------------------------------------------------
1970-01-01T08:00:00.0|0.10000038        |10.1              |0.0               |0.09000038146972678|
10+08:00             |                  |                  |                  |                   |
总数目：10
}

Elapsed Time: 0.0.33
-- [1]788:select float%date from t2 order by time
STRICT{
SQLSTATE : 701: Cannot apply operator: FLOAT % DATE
}
-- [1]790:select float%timestamp from t2 order by time
STRICT{
SQLSTATE : 701: Cannot apply operator: FLOAT % TIMESTAMP
}
-- [1]792:select float%boolean from t2 order by time
STRICT{
SQLSTATE : 701: Cannot apply operator: FLOAT % BOOLEAN
}
-- [1]794:select float%text from t2 order by time
STRICT{
SQLSTATE : 701: Cannot apply operator: FLOAT % TEXT
}
-- [1]796:select float%string from t2 order by time
STRICT{
SQLSTATE : 701: Cannot apply operator: FLOAT % STRING
}
-- [1]798:select float%blob from t2 order by time
STRICT{
SQLSTATE : 701: Cannot apply operator: FLOAT % BLOB
}

-- [1]801:select time,double%int32,double%int64,double%float,double%double from t2 order by time
STRICT{
time(TIMESTAMP)      |_col1(DOUBLE)      |_col2(DOUBLE)      |_col3(DOUBLE)      |_col4(DOUBLE)      |
-------------------------------------------------------------------------------------------------
1970-01-01T08:00:00.0|null               |1.11               |0.00999997615814218|0.0                |
01+08:00             |                   |                   |8                  |                   |
-------------------------------------------------------------------------------------------------
1970-01-01T08:00:00.0|-2.22              |null               |-0.0199999523162843|-0.0               |
02+08:00             |                   |                   |75                 |                   |
-------------------------------------------------------------------------------------------------
1970-01-01T08:00:00.0|null               |null               |null               |null               |
03+08:00             |                   |                   |                   |                   |
-------------------------------------------------------------------------------------------------
1970-01-01T08:00:00.0|-4.44              |-4.44              |null               |-0.0               |
04+08:00             |                   |                   |                   |                   |
-------------------------------------------------------------------------------------------------
1970-01-01T08:00:00.0|5.55               |5.55               |0.04999999999999982|0.0                |
05+08:00             |                   |                   |                   |                   |
-------------------------------------------------------------------------------------------------
1970-01-01T08:00:00.0|-6.66              |-6.66              |-0.0600000953674317|-0.0               |
06+08:00             |                   |                   |8                  |                   |
-------------------------------------------------------------------------------------------------
1970-01-01T08:00:00.0|7.77               |7.77               |0.07000019073486285|0.0                |
07+08:00             |                   |                   |                   |                   |
-------------------------------------------------------------------------------------------------
1970-01-01T08:00:00.0|-8.88              |-8.88              |-0.0799998092651375|-0.0               |
08+08:00             |                   |                   |                   |                   |
-------------------------------------------------------------------------------------------------
1970-01-01T08:00:00.0|9.99               |9.99               |0.09000038146972678|0.0                |
09+08:00             |                   |                   |                   |                   |
-------------------------------------------------------------------------------------------------
1970-01-01T08:00:00.0|-0.0099999999999997|-10.01             |-10.01             |-0.0               |
10+08:00             |87                 |                   |                   |                   |
总数目：10
}

Elapsed Time: 0.0.7
-- [1]802:select double%date from t2 order by time
STRICT{
SQLSTATE : 701: Cannot apply operator: DOUBLE % DATE
}
-- [1]804:select double%timestamp from t2 order by time
STRICT{
SQLSTATE : 701: Cannot apply operator: DOUBLE % TIMESTAMP
}
-- [1]806:select double%boolean from t2 order by time
STRICT{
SQLSTATE : 701: Cannot apply operator: DOUBLE % BOOLEAN
}
-- [1]808:select double%text from t2 order by time
STRICT{
SQLSTATE : 701: Cannot apply operator: DOUBLE % TEXT
}
-- [1]810:select double%string from t2 order by time
STRICT{
SQLSTATE : 701: Cannot apply operator: DOUBLE % STRING
}
-- [1]812:select double%blob from t2 order by time
STRICT{
SQLSTATE : 701: Cannot apply operator: DOUBLE % BLOB
}
-- [1]815:select date%int32 from t2 order by time
STRICT{
SQLSTATE : 701: Cannot apply operator: DATE % INT32
}
-- [1]817:select date%int64 from t2 order by time
STRICT{
SQLSTATE : 701: Cannot apply operator: DATE % INT64
}
-- [1]819:select date%float from t2 order by time
STRICT{
SQLSTATE : 701: Cannot apply operator: DATE % FLOAT
}
-- [1]821:select date%double from t2 order by time
STRICT{
SQLSTATE : 701: Cannot apply operator: DATE % DOUBLE
}
-- [1]823:select date%date from t2 order by time
STRICT{
SQLSTATE : 701: Cannot apply operator: DATE % DATE
}
-- [1]825:select date%timestamp from t2 order by time
STRICT{
SQLSTATE : 701: Cannot apply operator: DATE % TIMESTAMP
}
-- [1]827:select date%boolean from t2 order by time
STRICT{
SQLSTATE : 701: Cannot apply operator: DATE % BOOLEAN
}
-- [1]829:select date%text from t2 order by time
STRICT{
SQLSTATE : 701: Cannot apply operator: DATE % TEXT
}
-- [1]831:select date%string from t2 order by time
STRICT{
SQLSTATE : 701: Cannot apply operator: DATE % STRING
}
-- [1]833:select date%blob from t2 order by time
STRICT{
SQLSTATE : 701: Cannot apply operator: DATE % BLOB
}
-- [1]836:select timestamp%int32 from t2 order by time
STRICT{
SQLSTATE : 701: Cannot apply operator: TIMESTAMP % INT32
}
-- [1]838:select timestamp%int64 from t2 order by time
STRICT{
SQLSTATE : 701: Cannot apply operator: TIMESTAMP % INT64
}
-- [1]840:select timestamp%float from t2 order by time
STRICT{
SQLSTATE : 701: Cannot apply operator: TIMESTAMP % FLOAT
}
-- [1]842:select timestamp%double from t2 order by time
STRICT{
SQLSTATE : 701: Cannot apply operator: TIMESTAMP % DOUBLE
}
-- [1]844:select timestamp%date from t2 order by time
STRICT{
SQLSTATE : 701: Cannot apply operator: TIMESTAMP % DATE
}
-- [1]846:select timestamp%timestamp from t2 order by time
STRICT{
SQLSTATE : 701: Cannot apply operator: TIMESTAMP % TIMESTAMP
}
-- [1]848:select timestamp%boolean from t2 order by time
STRICT{
SQLSTATE : 701: Cannot apply operator: TIMESTAMP % BOOLEAN
}
-- [1]850:select timestamp%text from t2 order by time
STRICT{
SQLSTATE : 701: Cannot apply operator: TIMESTAMP % TEXT
}
-- [1]852:select timestamp%string from t2 order by time
STRICT{
SQLSTATE : 701: Cannot apply operator: TIMESTAMP % STRING
}
-- [1]854:select timestamp%blob from t2 order by time
STRICT{
SQLSTATE : 701: Cannot apply operator: TIMESTAMP % BLOB
}
-- [1]857:select boolean%int32 from t2 order by time
STRICT{
SQLSTATE : 701: Cannot apply operator: BOOLEAN % INT32
}
-- [1]859:select boolean%int64 from t2 order by time
STRICT{
SQLSTATE : 701: Cannot apply operator: BOOLEAN % INT64
}
-- [1]861:select boolean%float from t2 order by time
STRICT{
SQLSTATE : 701: Cannot apply operator: BOOLEAN % FLOAT
}
-- [1]863:select boolean%double from t2 order by time
STRICT{
SQLSTATE : 701: Cannot apply operator: BOOLEAN % DOUBLE
}
-- [1]865:select boolean%date from t2 order by time
STRICT{
SQLSTATE : 701: Cannot apply operator: BOOLEAN % DATE
}
-- [1]867:select boolean%timestamp from t2 order by time
STRICT{
SQLSTATE : 701: Cannot apply operator: BOOLEAN % TIMESTAMP
}
-- [1]869:select boolean%boolean from t2 order by time
STRICT{
SQLSTATE : 701: Cannot apply operator: BOOLEAN % BOOLEAN
}
-- [1]871:select boolean%text from t2 order by time
STRICT{
SQLSTATE : 701: Cannot apply operator: BOOLEAN % TEXT
}
-- [1]873:select boolean%string from t2 order by time
STRICT{
SQLSTATE : 701: Cannot apply operator: BOOLEAN % STRING
}
-- [1]875:select boolean%blob from t2 order by time
STRICT{
SQLSTATE : 701: Cannot apply operator: BOOLEAN % BLOB
EXPECT:PASS
}
-- [1]877:select text%int32 from t2 order by time
STRICT{
SQLSTATE : 701: Cannot apply operator: TEXT % INT32
}
-- [1]879:select text%int64 from t2 order by time
STRICT{
SQLSTATE : 701: Cannot apply operator: TEXT % INT64
}
-- [1]881:select text%float from t2 order by time
STRICT{
SQLSTATE : 701: Cannot apply operator: TEXT % FLOAT
}
-- [1]883:select text%double from t2 order by time
STRICT{
SQLSTATE : 701: Cannot apply operator: TEXT % DOUBLE
}
-- [1]885:select text%date from t2 order by time
STRICT{
SQLSTATE : 701: Cannot apply operator: TEXT % DATE
}
-- [1]887:select text%timestamp from t2 order by time
STRICT{
SQLSTATE : 701: Cannot apply operator: TEXT % TIMESTAMP
}
-- [1]889:select text%boolean from t2 order by time
STRICT{
SQLSTATE : 701: Cannot apply operator: TEXT % BOOLEAN
}
-- [1]891:select text%text from t2 order by time
STRICT{
SQLSTATE : 701: Cannot apply operator: TEXT % TEXT
}
-- [1]893:select text%string from t2 order by time
STRICT{
SQLSTATE : 701: Cannot apply operator: TEXT % STRING
}
-- [1]895:select text%blob from t2 order by time
STRICT{
SQLSTATE : 701: Cannot apply operator: TEXT % BLOB
EXPECT:PASS
}
-- [1]897:select string%int32 from t2 order by time
STRICT{
SQLSTATE : 701: Cannot apply operator: STRING % INT32
}
-- [1]899:select string%int64 from t2 order by time
STRICT{
SQLSTATE : 701: Cannot apply operator: STRING % INT64
}
-- [1]901:select string%float from t2 order by time
STRICT{
SQLSTATE : 701: Cannot apply operator: STRING % FLOAT
}
-- [1]903:select string%double from t2 order by time
STRICT{
SQLSTATE : 701: Cannot apply operator: STRING % DOUBLE
}
-- [1]905:select string%date from t2 order by time
STRICT{
SQLSTATE : 701: Cannot apply operator: STRING % DATE
}
-- [1]907:select string%timestamp from t2 order by time
STRICT{
SQLSTATE : 701: Cannot apply operator: STRING % TIMESTAMP
}
-- [1]909:select string%boolean from t2 order by time
STRICT{
SQLSTATE : 701: Cannot apply operator: STRING % BOOLEAN
}
-- [1]911:select string%text from t2 order by time
STRICT{
SQLSTATE : 701: Cannot apply operator: STRING % TEXT
}
-- [1]913:select string%string from t2 order by time
STRICT{
SQLSTATE : 701: Cannot apply operator: STRING % STRING
}
-- [1]915:select string%blob from t2 order by time
STRICT{
SQLSTATE : 701: Cannot apply operator: STRING % BLOB
EXPECT:PASS
}
-- [1]917:select blob%int32 from t2 order by time
STRICT{
SQLSTATE : 701: Cannot apply operator: BLOB % INT32
}
-- [1]919:select blob%int64 from t2 order by time
STRICT{
SQLSTATE : 701: Cannot apply operator: BLOB % INT64
}
-- [1]921:select blob%float from t2 order by time
STRICT{
SQLSTATE : 701: Cannot apply operator: BLOB % FLOAT
}
-- [1]923:select blob%double from t2 order by time
STRICT{
SQLSTATE : 701: Cannot apply operator: BLOB % DOUBLE
}
-- [1]925:select blob%date from t2 order by time
STRICT{
SQLSTATE : 701: Cannot apply operator: BLOB % DATE
}
-- [1]927:select blob%timestamp from t2 order by time
STRICT{
SQLSTATE : 701: Cannot apply operator: BLOB % TIMESTAMP
}
-- [1]929:select blob%boolean from t2 order by time
STRICT{
SQLSTATE : 701: Cannot apply operator: BLOB % BOOLEAN
}
-- [1]931:select blob%text from t2 order by time
STRICT{
SQLSTATE : 701: Cannot apply operator: BLOB % TEXT
}
-- [1]933:select blob%string from t2 order by time
STRICT{
SQLSTATE : 701: Cannot apply operator: BLOB % STRING
}
-- [1]935:select blob%blob from t2 order by time
STRICT{
SQLSTATE : 701: Cannot apply operator: BLOB % BLOB
}

-- [1]940:select int32,int32+100,int32-100,int32*100,int32/100,int32%100 from t2 order by time
STRICT{
int32(INT32)      |_col1(INT32)      |_col2(INT32)      |_col3(INT32)      |_col4(INT32)      |_col5(INT32)      |
------------------------------------------------------------------------------------------------------------
null              |null              |null              |null              |null              |null              |
------------------------------------------------------------------------------------------------------------
-22               |78                |-122              |-2200             |0                 |-22               |
------------------------------------------------------------------------------------------------------------
33                |133               |-67               |3300              |0                 |33                |
------------------------------------------------------------------------------------------------------------
-44               |56                |-144              |-4400             |0                 |-44               |
------------------------------------------------------------------------------------------------------------
55                |155               |-45               |5500              |0                 |55                |
------------------------------------------------------------------------------------------------------------
-66               |34                |-166              |-6600             |0                 |-66               |
------------------------------------------------------------------------------------------------------------
77                |177               |-23               |7700              |0                 |77                |
------------------------------------------------------------------------------------------------------------
-88               |12                |-188              |-8800             |0                 |-88               |
------------------------------------------------------------------------------------------------------------
99                |199               |-1                |9900              |0                 |99                |
------------------------------------------------------------------------------------------------------------
-10               |90                |-110              |-1000             |0                 |-10               |
总数目：10
}

Elapsed Time: 0.0.14

-- [1]941:select int64,int64+100,int64-100,int64*100,int64/100,int64%100 from t2 order by time
STRICT{
int64(INT64)      |_col1(INT64)      |_col2(INT64)      |_col3(INT64)      |_col4(INT64)      |_col5(INT64)      |
------------------------------------------------------------------------------------------------------------
-111              |-11               |-211              |-11100            |-1                |-11               |
------------------------------------------------------------------------------------------------------------
null              |null              |null              |null              |null              |null              |
------------------------------------------------------------------------------------------------------------
-333              |-233              |-433              |-33300            |-3                |-33               |
------------------------------------------------------------------------------------------------------------
444               |544               |344               |44400             |4                 |44                |
------------------------------------------------------------------------------------------------------------
-555              |-455              |-655              |-55500            |-5                |-55               |
------------------------------------------------------------------------------------------------------------
666               |766               |566               |66600             |6                 |66                |
------------------------------------------------------------------------------------------------------------
-777              |-677              |-877              |-77700            |-7                |-77               |
------------------------------------------------------------------------------------------------------------
888               |988               |788               |88800             |8                 |88                |
------------------------------------------------------------------------------------------------------------
-999              |-899              |-1099             |-99900            |-9                |-99               |
------------------------------------------------------------------------------------------------------------
100               |200               |0                 |10000             |1                 |0                 |
总数目：10
}

Elapsed Time: 0.0.7

-- [1]942:select double,double+100,double-100,double*100,double/100,double%100 from t2 order by time
STRICT{
double(DOUBLE)      |_col1(DOUBLE)      |_col2(DOUBLE)      |_col3(DOUBLE)      |_col4(DOUBLE)      |_col5(DOUBLE)      |
-------------------------------------------------------------------------------------------------------------------
1.11                |101.11             |-98.89             |111.00000000000001 |0.0111             |1.11               |
-------------------------------------------------------------------------------------------------------------------
-2.22               |97.78              |-102.22            |-222.00000000000003|-0.0222            |-2.22              |
-------------------------------------------------------------------------------------------------------------------
null                |null               |null               |null               |null               |null               |
-------------------------------------------------------------------------------------------------------------------
-4.44               |95.56              |-104.44            |-444.00000000000006|-0.0444            |-4.44              |
-------------------------------------------------------------------------------------------------------------------
5.55                |105.55             |-94.45             |555.0              |0.0555             |5.55               |
-------------------------------------------------------------------------------------------------------------------
-6.66               |93.34              |-106.66            |-666.0             |-0.0666            |-6.66              |
-------------------------------------------------------------------------------------------------------------------
7.77                |107.77             |-92.23             |777.0              |0.07769999999999999|7.77               |
-------------------------------------------------------------------------------------------------------------------
-8.88               |91.12              |-108.88            |-888.0000000000001 |-0.0888            |-8.88              |
-------------------------------------------------------------------------------------------------------------------
9.99                |109.99             |-90.01             |999.0              |0.0999             |9.99               |
-------------------------------------------------------------------------------------------------------------------
-10.01              |89.99              |-110.01            |-1001.0            |-0.1001            |-10.01             |
总数目：10
}

Elapsed Time: 0.0.6

-- [1]943:select float,float+100,float-100,float*100,float/100,float%100 from t2 order by time
STRICT{
float(FLOAT)      |_col1(FLOAT)      |_col2(FLOAT)      |_col3(FLOAT)      |_col4(FLOAT)      |_col5(FLOAT)      |
------------------------------------------------------------------------------------------------------------
-1.1              |98.9              |-101.1            |-110.0            |-0.011            |-1.1              |
------------------------------------------------------------------------------------------------------------
2.2               |102.2             |-97.8             |220.0             |0.022             |2.2               |
------------------------------------------------------------------------------------------------------------
-3.3              |96.7              |-103.3            |-330.0            |-0.033            |-3.3              |
------------------------------------------------------------------------------------------------------------
null              |null              |null              |null              |null              |null              |
------------------------------------------------------------------------------------------------------------
-5.5              |94.5              |-105.5            |-550.0            |-0.055            |-5.5              |
------------------------------------------------------------------------------------------------------------
6.6               |106.6             |-93.4             |660.0             |0.066             |6.6               |
------------------------------------------------------------------------------------------------------------
-7.7              |92.3              |-107.7            |-770.0            |-0.077            |-7.7              |
------------------------------------------------------------------------------------------------------------
8.8               |108.8             |-91.2             |880.0             |0.088             |8.8               |
------------------------------------------------------------------------------------------------------------
-9.9              |90.1              |-109.9            |-989.99994        |-0.099            |-9.9              |
------------------------------------------------------------------------------------------------------------
10.1              |110.1             |-89.9             |1010.00006        |0.101             |10.1              |
总数目：10
}

Elapsed Time: 0.0.7

-- [1]944:select boolean from t2 order by time
STRICT{
boolean(BOOLEAN)      |
----------------------
false                 |
----------------------
true                  |
----------------------
false                 |
----------------------
true                  |
----------------------
null                  |
----------------------
true                  |
----------------------
false                 |
----------------------
true                  |
----------------------
false                 |
----------------------
true                  |
总数目：10
}

Elapsed Time: 0.0.5

-- [1]945:select text from t2 order by time
STRICT{
text(TEXT)      |
----------------
1.1             |
----------------
2.2             |
----------------
3.3             |
----------------
4.4             |
----------------
5.5             |
----------------
null            |
----------------
7.7             |
----------------
8.8             |
----------------
9.9             |
----------------
10.1            |
总数目：10
}

Elapsed Time: 0.0.5

-- [1]946:select string from t2 order by time
STRICT{
string(STRING)      |
--------------------
1.1                 |
--------------------
2.2                 |
--------------------
3.3                 |
--------------------
4.4                 |
--------------------
5.5                 |
--------------------
6.6                 |
--------------------
null                |
--------------------
8.8                 |
--------------------
9.9                 |
--------------------
10.1                |
总数目：10
}

Elapsed Time: 0.0.5

-- [1]947:select blob from t2 order by time
STRICT{
blob(BLOB)      |
----------------
0x10f447        |
----------------
0x21e88e        |
----------------
0x32dcd5        |
----------------
0x42dcd5        |
----------------
0x52dcd5        |
----------------
0x62dcd5        |
----------------
0x72dcd5        |
----------------
null            |
----------------
0x92dcd5        |
----------------
0x102dcd62      |
总数目：10
}

Elapsed Time: 0.0.5

-- [1]948:select timestamp from t2 order by time
STRICT{
timestamp(TIMESTAMP)      |
--------------------------
1970-01-01T08:00:00.001+08|
:00                       |
--------------------------
1970-01-01T08:00:00.002+08|
:00                       |
--------------------------
1970-01-01T08:00:00.003+08|
:00                       |
--------------------------
1970-01-01T08:00:00.004+08|
:00                       |
--------------------------
1970-01-01T08:00:00.005+08|
:00                       |
--------------------------
1970-01-01T08:00:00.006+08|
:00                       |
--------------------------
1970-01-01T08:00:00.007+08|
:00                       |
--------------------------
1970-01-01T08:00:00.008+08|
:00                       |
--------------------------
null                      |
--------------------------
1970-01-01T08:00:00.011+08|
:00                       |
总数目：10
}

Elapsed Time: 0.0.5

-- [1]952:select int32,+int32,-int32 from t2 order by time
STRICT{
int32(INT32)      |_col1(INT32)      |_col2(INT32)      |
------------------------------------------------------
null              |null              |null              |
------------------------------------------------------
-22               |-22               |22                |
------------------------------------------------------
33                |33                |-33               |
------------------------------------------------------
-44               |-44               |44                |
------------------------------------------------------
55                |55                |-55               |
------------------------------------------------------
-66               |-66               |66                |
------------------------------------------------------
77                |77                |-77               |
------------------------------------------------------
-88               |-88               |88                |
------------------------------------------------------
99                |99                |-99               |
------------------------------------------------------
-10               |-10               |10                |
总数目：10
}

Elapsed Time: 0.0.7

-- [1]953:select int64,+int64,-int64 from t2 order by time
STRICT{
int64(INT64)      |_col1(INT64)      |_col2(INT64)      |
------------------------------------------------------
-111              |-111              |111               |
------------------------------------------------------
null              |null              |null              |
------------------------------------------------------
-333              |-333              |333               |
------------------------------------------------------
444               |444               |-444              |
------------------------------------------------------
-555              |-555              |555               |
------------------------------------------------------
666               |666               |-666              |
------------------------------------------------------
-777              |-777              |777               |
------------------------------------------------------
888               |888               |-888              |
------------------------------------------------------
-999              |-999              |999               |
------------------------------------------------------
100               |100               |-100              |
总数目：10
}

Elapsed Time: 0.0.6

-- [1]954:select float,+float,-float from t2 order by time
STRICT{
float(FLOAT)      |_col1(FLOAT)      |_col2(FLOAT)      |
------------------------------------------------------
-1.1              |-1.1              |1.1               |
------------------------------------------------------
2.2               |2.2               |-2.2              |
------------------------------------------------------
-3.3              |-3.3              |3.3               |
------------------------------------------------------
null              |null              |null              |
------------------------------------------------------
-5.5              |-5.5              |5.5               |
------------------------------------------------------
6.6               |6.6               |-6.6              |
------------------------------------------------------
-7.7              |-7.7              |7.7               |
------------------------------------------------------
8.8               |8.8               |-8.8              |
------------------------------------------------------
-9.9              |-9.9              |9.9               |
------------------------------------------------------
10.1              |10.1              |-10.1             |
总数目：10
}

Elapsed Time: 0.0.5

-- [1]955:select double,+double,-double from t2 order by time
STRICT{
double(DOUBLE)      |_col1(DOUBLE)      |_col2(DOUBLE)      |
----------------------------------------------------------
1.11                |1.11               |-1.11              |
----------------------------------------------------------
-2.22               |-2.22              |2.22               |
----------------------------------------------------------
null                |null               |null               |
----------------------------------------------------------
-4.44               |-4.44              |4.44               |
----------------------------------------------------------
5.55                |5.55               |-5.55              |
----------------------------------------------------------
-6.66               |-6.66              |6.66               |
----------------------------------------------------------
7.77                |7.77               |-7.77              |
----------------------------------------------------------
-8.88               |-8.88              |8.88               |
----------------------------------------------------------
9.99                |9.99               |-9.99              |
----------------------------------------------------------
-10.01              |-10.01             |10.01              |
总数目：10
}

Elapsed Time: 0.0.6
-- [1]958:select boolean,+boolean,-boolean from t2 order by time
STRICT{
SQLSTATE : 701: Unary '+' operator cannot by applied to BOOLEAN type
}
-- [1]960:select date,+date,-date from t2 order by time
STRICT{
SQLSTATE : 701: Unary '+' operator cannot by applied to DATE type
}
-- [1]962:select text,+text,-text from t2 order by time
STRICT{
SQLSTATE : 701: Unary '+' operator cannot by applied to TEXT type
}
-- [1]964:select string,+string,-string from t2 order by time
STRICT{
SQLSTATE : 701: Unary '+' operator cannot by applied to STRING type
}
-- [1]966:select blob,+blob,-blob from t2 order by time
STRICT{
SQLSTATE : 701: Unary '+' operator cannot by applied to BLOB type
}

-- [1]970:select int32,+int32,-int32 from t2 order by time limit 5
STRICT{
int32(INT32)      |_col1(INT32)      |_col2(INT32)      |
------------------------------------------------------
null              |null              |null              |
------------------------------------------------------
-22               |-22               |22                |
------------------------------------------------------
33                |33                |-33               |
------------------------------------------------------
-44               |-44               |44                |
------------------------------------------------------
55                |55                |-55               |
总数目：5
}

Elapsed Time: 0.0.6

-- [1]971:select int32,+int32,-int32 from t2 order by time offset 3 limit 2
STRICT{
int32(INT32)      |_col1(INT32)      |_col2(INT32)      |
------------------------------------------------------
-44               |-44               |44                |
------------------------------------------------------
55                |55                |-55               |
总数目：2
}

Elapsed Time: 0.0.6

-- [1]974:select int32,sin(int32) from t2 order by time
STRICT{
int32(INT32)      |_col1(DOUBLE)      |
-------------------------------------
null              |null               |
-------------------------------------
-22               |0.00885130929040387|
                  |6                  |
-------------------------------------
33                |0.9999118601072672 |
-------------------------------------
-44               |-0.0177019251054135|
                  |77                 |
-------------------------------------
55                |-0.9997551733586199|
-------------------------------------
-66               |0.02655115402396679|
                  |4                  |
-------------------------------------
77                |0.9995201585807313 |
-------------------------------------
-88               |-0.0353983027336606|
                  |8                  |
-------------------------------------
99                |-0.9992068341863537|
-------------------------------------
-10               |0.5440211108893698 |
总数目：10
}

Elapsed Time: 0.0.5

-- [1]975:select int64,sin(int64) from t2 order by time
STRICT{
int64(INT64)      |_col1(DOUBLE)      |
-------------------------------------
-111              |0.8645514486106083 |
-------------------------------------
null              |null               |
-------------------------------------
-333              |0.00882116611388587|
                  |7                  |
-------------------------------------
444               |-0.8600847843788071|
-------------------------------------
-555              |-0.873282610859792 |
-------------------------------------
666               |-0.0176416458132701|
                  |3                  |
-------------------------------------
-777              |0.8555511930921242 |
-------------------------------------
888               |0.8775464294662774 |
-------------------------------------
-999              |0.02646075273706412|
                  |6                  |
-------------------------------------
100               |-0.5063656411097588|
总数目：10
}

Elapsed Time: 0.0.6

-- [1]976:select float,sin(float) from t2 order by time
STRICT{
float(FLOAT)      |_col1(DOUBLE)      |
-------------------------------------
-1.1              |-0.8912073708760093|
-------------------------------------
2.2               |0.8084963757576692 |
-------------------------------------
-3.3              |0.15774564705654348|
-------------------------------------
null              |null               |
-------------------------------------
-5.5              |0.7055403255703919 |
-------------------------------------
6.6               |0.311541272892135  |
-------------------------------------
-7.7              |-0.9881682046232397|
-------------------------------------
8.8               |0.5849170381880364 |
-------------------------------------
-9.9              |0.4575355545757819 |
-------------------------------------
10.1              |-0.6250709466559672|
总数目：10
}

Elapsed Time: 0.0.7

-- [1]977:select double,sin(double) from t2 order by time
STRICT{
double(DOUBLE)      |_col1(DOUBLE)      |
---------------------------------------
1.11                |0.8956986856800476 |
---------------------------------------
-2.22               |-0.7965654722360865|
---------------------------------------
null                |null               |
---------------------------------------
-4.44               |0.9631309305733167 |
---------------------------------------
5.55                |-0.669239857276262 |
---------------------------------------
-6.66               |-0.3679605105723846|
                    |6                  |
---------------------------------------
7.77                |0.9964756147406005 |
---------------------------------------
-8.88               |-0.5182282059209752|
---------------------------------------
9.99                |-0.5356033346142913|
---------------------------------------
-10.01              |0.5523844855067088 |
总数目：10
}

Elapsed Time: 0.0.7
-- [1]978:select date,sin(date) from t2 order by time
STRICT{
SQLSTATE : 701: Scalar function sin only accepts one argument and it must be Double, Float, Int32 or Int64 data type.
}
-- [1]980:select timestamp,sin(timestamp) from t2 order by time
STRICT{
SQLSTATE : 701: Scalar function sin only accepts one argument and it must be Double, Float, Int32 or Int64 data type.
}
-- [1]982:select boolean,sin(boolean) from t2 order by time
STRICT{
SQLSTATE : 701: Scalar function sin only accepts one argument and it must be Double, Float, Int32 or Int64 data type.
}
-- [1]984:select text,sin(text) from t2 order by time
STRICT{
SQLSTATE : 701: Scalar function sin only accepts one argument and it must be Double, Float, Int32 or Int64 data type.
}
-- [1]986:select string,sin(string) from t2 order by time
STRICT{
SQLSTATE : 701: Scalar function sin only accepts one argument and it must be Double, Float, Int32 or Int64 data type.
}
-- [1]988:select blob,sin(blob) from t2 order by time
STRICT{
SQLSTATE : 701: Scalar function sin only accepts one argument and it must be Double, Float, Int32 or Int64 data type.
}

-- [1]993:select int32,cos(int32) from t2 order by time
STRICT{
int32(INT32)      |_col1(DOUBLE)      |
-------------------------------------
null              |null               |
-------------------------------------
-22               |-0.9999608263946371|
-------------------------------------
33                |-0.0132767472230594|
                  |79                 |
-------------------------------------
-44               |0.9998433086476912 |
-------------------------------------
55                |0.02212675626195573|
                  |6                  |
-------------------------------------
-66               |-0.99964745596635  |
-------------------------------------
77                |-0.0309750317312164|
                  |6                  |
-------------------------------------
-88               |0.9993732836951247 |
-------------------------------------
99                |0.0398208803931389 |
-------------------------------------
-10               |-0.8390715290764524|
总数目：10
}

Elapsed Time: 0.0.6

-- [1]994:select int64,cos(int64) from t2 order by time
STRICT{
int64(INT64)      |_col1(DOUBLE)      |
-------------------------------------
-111              |-0.5025443191453852|
-------------------------------------
null              |null               |
-------------------------------------
-333              |0.9999610927573088 |
-------------------------------------
444               |-0.510151118473792 |
-------------------------------------
-555              |-0.4872139997679717|
-------------------------------------
666               |0.9998443740567825 |
-------------------------------------
-777              |-0.5177182206554476|
-------------------------------------
888               |-0.4794916726398779|
                  |6                  |
-------------------------------------
-999              |0.9996498529808264 |
-------------------------------------
100               |0.8623188722876839 |
总数目：10
}

Elapsed Time: 0.0.6

-- [1]995:select float,cos(float) from t2 order by time
STRICT{
float(FLOAT)      |_col1(DOUBLE)      |
-------------------------------------
-1.1              |0.453596100177538  |
-------------------------------------
2.2               |-0.5885011558074578|
-------------------------------------
-3.3              |-0.9874797774307646|
-------------------------------------
null              |null               |
-------------------------------------
-5.5              |0.70866977429126   |
-------------------------------------
6.6               |0.9502326216694248 |
-------------------------------------
-7.7              |0.15337405051599473|
-------------------------------------
8.8               |-0.8110931256257417|
-------------------------------------
-9.9              |-0.8891913271613886|
-------------------------------------
10.1              |-0.7805679417235972|
总数目：10
}

Elapsed Time: 0.0.6

-- [1]996:select double,cos(double) from t2 order by time
STRICT{
double(DOUBLE)      |_col1(DOUBLE)      |
---------------------------------------
1.11                |0.4446615167417068 |
---------------------------------------
-2.22               |-0.6045522710579296|
---------------------------------------
null                |null               |
---------------------------------------
-4.44               |-0.2690331031173990|
                    |3                  |
---------------------------------------
5.55                |0.7430464409664099 |
---------------------------------------
-6.66               |0.9298414180167014 |
---------------------------------------
7.77                |0.08388294956272228|
---------------------------------------
-8.88               |-0.8552423788540459|
---------------------------------------
9.99                |-0.8444696962887724|
---------------------------------------
-10.01              |-0.8335894554104488|
总数目：10
}

Elapsed Time: 0.0.5
-- [1]997:select date,cos(date) from t2 order by time
STRICT{
SQLSTATE : 701: Scalar function cos only accepts one argument and it must be Double, Float, Int32 or Int64 data type.
}
-- [1]999:select timestamp,cos(timestamp) from t2 order by time
STRICT{
SQLSTATE : 701: Scalar function cos only accepts one argument and it must be Double, Float, Int32 or Int64 data type.
}
-- [1]1001:select boolean,cos(boolean) from t2 order by time
STRICT{
SQLSTATE : 701: Scalar function cos only accepts one argument and it must be Double, Float, Int32 or Int64 data type.
}
-- [1]1003:select text,cos(text) from t2 order by time
STRICT{
SQLSTATE : 701: Scalar function cos only accepts one argument and it must be Double, Float, Int32 or Int64 data type.
}
-- [1]1005:select string,cos(string) from t2 order by time
STRICT{
SQLSTATE : 701: Scalar function cos only accepts one argument and it must be Double, Float, Int32 or Int64 data type.
}
-- [1]1007:select blob,cos(blob) from t2 order by time
STRICT{
SQLSTATE : 701: Scalar function cos only accepts one argument and it must be Double, Float, Int32 or Int64 data type.
}

-- [1]1012:select int32,tan(int32) from t2 order by time
STRICT{
int32(INT32)      |_col1(DOUBLE)      |
-------------------------------------
null              |null               |
-------------------------------------
-22               |-0.0088516560416844|
                  |6                  |
-------------------------------------
33                |-75.31301480008509 |
-------------------------------------
-44               |-0.0177046992786857|
                  |77                 |
-------------------------------------
55                |-45.18308791052113 |
-------------------------------------
-66               |-0.0265605177760393|
                  |9                  |
-------------------------------------
77                |-32.268575775934416|
-------------------------------------
-88               |-0.0354205013393769|
                  |3                  |
-------------------------------------
99                |-25.092534979676547|
-------------------------------------
-10               |-0.6483608274590866|
总数目：10
}

Elapsed Time: 0.0.5

-- [1]1013:select int64,tan(int64) from t2 order by time
STRICT{
int64(INT64)      |_col1(DOUBLE)      |
-------------------------------------
-111              |-1.7203486651303583|
-------------------------------------
null              |null               |
-------------------------------------
-333              |0.00882150933449045|
                  |6                  |
-------------------------------------
444               |1.6859411912138973 |
-------------------------------------
-555              |1.792400487826047  |
-------------------------------------
666               |-0.0176443917383769|
                  |14                 |
-------------------------------------
-777              |-1.6525421724755398|
-------------------------------------
888               |-1.8301598954469398|
-------------------------------------
-999              |0.02647002113606238|
-------------------------------------
100               |-0.5872139151569291|
总数目：10
}

Elapsed Time: 0.0.5

-- [1]1014:select float,tan(float) from t2 order by time
STRICT{
float(FLOAT)      |_col1(DOUBLE)      |
-------------------------------------
-1.1              |-1.9647597731267747|
-------------------------------------
2.2               |-1.37382291908733  |
-------------------------------------
-3.3              |-0.1597456987594903|
                  |2                  |
-------------------------------------
null              |null               |
-------------------------------------
-5.5              |0.995584052213885  |
-------------------------------------
6.6               |0.32785790109457713|
-------------------------------------
-7.7              |-6.44286436524794  |
-------------------------------------
8.8               |-0.7211465856485777|
-------------------------------------
-9.9              |-0.5145524260075683|
-------------------------------------
10.1              |0.8007899290300442 |
总数目：10
}

Elapsed Time: 0.0.5

-- [1]1015:select double,tan(double) from t2 order by time
STRICT{
double(DOUBLE)      |_col1(DOUBLE)      |
---------------------------------------
1.11                |2.014338214476828  |
---------------------------------------
-2.22               |1.3176122402817965 |
---------------------------------------
null                |null               |
---------------------------------------
-4.44               |-3.579971830280794 |
---------------------------------------
5.55                |-0.9006702951242797|
---------------------------------------
-6.66               |-0.3957239411395798|
                    |7                  |
---------------------------------------
7.77                |11.879358319362627 |
---------------------------------------
-8.88               |0.6059430855324992 |
---------------------------------------
9.99                |0.6342481405408987 |
---------------------------------------
-10.01              |-0.6626577170829515|
总数目：10
}

Elapsed Time: 0.0.5
-- [1]1016:select date,tan(date) from t2 order by time
STRICT{
SQLSTATE : 701: Scalar function tan only accepts one argument and it must be Double, Float, Int32 or Int64 data type.
}
-- [1]1018:select timestamp,tan(timestamp) from t2 order by time
STRICT{
SQLSTATE : 701: Scalar function tan only accepts one argument and it must be Double, Float, Int32 or Int64 data type.
}
-- [1]1020:select boolean,tan(boolean) from t2 order by time
STRICT{
SQLSTATE : 701: Scalar function tan only accepts one argument and it must be Double, Float, Int32 or Int64 data type.
}
-- [1]1022:select text,tan(text) from t2 order by time
STRICT{
SQLSTATE : 701: Scalar function tan only accepts one argument and it must be Double, Float, Int32 or Int64 data type.
}
-- [1]1024:select string,tan(string) from t2 order by time
STRICT{
SQLSTATE : 701: Scalar function tan only accepts one argument and it must be Double, Float, Int32 or Int64 data type.
}
-- [1]1026:select blob,tan(blob) from t2 order by time
STRICT{
SQLSTATE : 701: Scalar function tan only accepts one argument and it must be Double, Float, Int32 or Int64 data type.
}

-- [1]1031:select int32,asin(int32) from t2 order by time
STRICT{
int32(INT32)      |_col1(DOUBLE)      |
-------------------------------------
null              |null               |
-------------------------------------
-22               |NaN                |
-------------------------------------
33                |NaN                |
-------------------------------------
-44               |NaN                |
-------------------------------------
55                |NaN                |
-------------------------------------
-66               |NaN                |
-------------------------------------
77                |NaN                |
-------------------------------------
-88               |NaN                |
-------------------------------------
99                |NaN                |
-------------------------------------
-10               |NaN                |
总数目：10
}

Elapsed Time: 0.0.5

-- [1]1032:select int64,asin(int64) from t2 order by time
STRICT{
int64(INT64)      |_col1(DOUBLE)      |
-------------------------------------
-111              |NaN                |
-------------------------------------
null              |null               |
-------------------------------------
-333              |NaN                |
-------------------------------------
444               |NaN                |
-------------------------------------
-555              |NaN                |
-------------------------------------
666               |NaN                |
-------------------------------------
-777              |NaN                |
-------------------------------------
888               |NaN                |
-------------------------------------
-999              |NaN                |
-------------------------------------
100               |NaN                |
总数目：10
}

Elapsed Time: 0.0.5

-- [1]1033:select float,asin(float) from t2 order by time
STRICT{
float(FLOAT)      |_col1(DOUBLE)      |
-------------------------------------
-1.1              |NaN                |
-------------------------------------
2.2               |NaN                |
-------------------------------------
-3.3              |NaN                |
-------------------------------------
null              |null               |
-------------------------------------
-5.5              |NaN                |
-------------------------------------
6.6               |NaN                |
-------------------------------------
-7.7              |NaN                |
-------------------------------------
8.8               |NaN                |
-------------------------------------
-9.9              |NaN                |
-------------------------------------
10.1              |NaN                |
总数目：10
}

Elapsed Time: 0.0.5

-- [1]1034:select double,asin(double) from t2 order by time
STRICT{
double(DOUBLE)      |_col1(DOUBLE)      |
---------------------------------------
1.11                |NaN                |
---------------------------------------
-2.22               |NaN                |
---------------------------------------
null                |null               |
---------------------------------------
-4.44               |NaN                |
---------------------------------------
5.55                |NaN                |
---------------------------------------
-6.66               |NaN                |
---------------------------------------
7.77                |NaN                |
---------------------------------------
-8.88               |NaN                |
---------------------------------------
9.99                |NaN                |
---------------------------------------
-10.01              |NaN                |
总数目：10
}

Elapsed Time: 0.0.5
-- [1]1035:select date,asin(date) from t2 order by time
STRICT{
SQLSTATE : 701: Scalar function asin only accepts one argument and it must be Double, Float, Int32 or Int64 data type.
}
-- [1]1037:select timestamp,asin(timestamp) from t2 order by time
STRICT{
SQLSTATE : 701: Scalar function asin only accepts one argument and it must be Double, Float, Int32 or Int64 data type.
}
-- [1]1039:select boolean,asin(boolean) from t2 order by time
STRICT{
SQLSTATE : 701: Scalar function asin only accepts one argument and it must be Double, Float, Int32 or Int64 data type.
}
-- [1]1041:select text,asin(text) from t2 order by time
STRICT{
SQLSTATE : 701: Scalar function asin only accepts one argument and it must be Double, Float, Int32 or Int64 data type.
}
-- [1]1043:select string,asin(string) from t2 order by time
STRICT{
SQLSTATE : 701: Scalar function asin only accepts one argument and it must be Double, Float, Int32 or Int64 data type.
}
-- [1]1045:select blob,asin(blob) from t2 order by time
STRICT{
SQLSTATE : 701: Scalar function asin only accepts one argument and it must be Double, Float, Int32 or Int64 data type.
}

-- [1]1050:select int32,acos(int32) from t2 order by time
STRICT{
int32(INT32)      |_col1(DOUBLE)      |
-------------------------------------
null              |null               |
-------------------------------------
-22               |NaN                |
-------------------------------------
33                |NaN                |
-------------------------------------
-44               |NaN                |
-------------------------------------
55                |NaN                |
-------------------------------------
-66               |NaN                |
-------------------------------------
77                |NaN                |
-------------------------------------
-88               |NaN                |
-------------------------------------
99                |NaN                |
-------------------------------------
-10               |NaN                |
总数目：10
}

Elapsed Time: 0.0.5

-- [1]1051:select int64,acos(int64) from t2 order by time
STRICT{
int64(INT64)      |_col1(DOUBLE)      |
-------------------------------------
-111              |NaN                |
-------------------------------------
null              |null               |
-------------------------------------
-333              |NaN                |
-------------------------------------
444               |NaN                |
-------------------------------------
-555              |NaN                |
-------------------------------------
666               |NaN                |
-------------------------------------
-777              |NaN                |
-------------------------------------
888               |NaN                |
-------------------------------------
-999              |NaN                |
-------------------------------------
100               |NaN                |
总数目：10
}

Elapsed Time: 0.0.5

-- [1]1052:select float,acos(float) from t2 order by time
STRICT{
float(FLOAT)      |_col1(DOUBLE)      |
-------------------------------------
-1.1              |NaN                |
-------------------------------------
2.2               |NaN                |
-------------------------------------
-3.3              |NaN                |
-------------------------------------
null              |null               |
-------------------------------------
-5.5              |NaN                |
-------------------------------------
6.6               |NaN                |
-------------------------------------
-7.7              |NaN                |
-------------------------------------
8.8               |NaN                |
-------------------------------------
-9.9              |NaN                |
-------------------------------------
10.1              |NaN                |
总数目：10
}

Elapsed Time: 0.0.6

-- [1]1053:select double,acos(double) from t2 order by time
STRICT{
double(DOUBLE)      |_col1(DOUBLE)      |
---------------------------------------
1.11                |NaN                |
---------------------------------------
-2.22               |NaN                |
---------------------------------------
null                |null               |
---------------------------------------
-4.44               |NaN                |
---------------------------------------
5.55                |NaN                |
---------------------------------------
-6.66               |NaN                |
---------------------------------------
7.77                |NaN                |
---------------------------------------
-8.88               |NaN                |
---------------------------------------
9.99                |NaN                |
---------------------------------------
-10.01              |NaN                |
总数目：10
}

Elapsed Time: 0.0.5
-- [1]1054:select date,acos(date) from t2 order by time
STRICT{
SQLSTATE : 701: Scalar function acos only accepts one argument and it must be Double, Float, Int32 or Int64 data type.
}
-- [1]1056:select timestamp,acos(timestamp) from t2 order by time
STRICT{
SQLSTATE : 701: Scalar function acos only accepts one argument and it must be Double, Float, Int32 or Int64 data type.
}
-- [1]1058:select boolean,acos(boolean) from t2 order by time
STRICT{
SQLSTATE : 701: Scalar function acos only accepts one argument and it must be Double, Float, Int32 or Int64 data type.
}
-- [1]1060:select text,acos(text) from t2 order by time
STRICT{
SQLSTATE : 701: Scalar function acos only accepts one argument and it must be Double, Float, Int32 or Int64 data type.
}
-- [1]1062:select string,acos(string) from t2 order by time
STRICT{
SQLSTATE : 701: Scalar function acos only accepts one argument and it must be Double, Float, Int32 or Int64 data type.
}
-- [1]1064:select blob,acos(blob) from t2 order by time
STRICT{
SQLSTATE : 701: Scalar function acos only accepts one argument and it must be Double, Float, Int32 or Int64 data type.
}

-- [1]1069:select int32,atan(int32) from t2 order by time
STRICT{
int32(INT32)      |_col1(DOUBLE)      |
-------------------------------------
null              |null               |
-------------------------------------
-22               |-1.5253730473733196|
-------------------------------------
33                |1.5405025668761214 |
-------------------------------------
-44               |-1.5480729659532555|
-------------------------------------
55                |1.5526165117219184 |
-------------------------------------
-66               |-1.555645970920127 |
-------------------------------------
77                |1.5578100438747242 |
-------------------------------------
-88               |-1.5594331795306058|
-------------------------------------
99                |1.5606956602095747 |
-------------------------------------
-10               |-1.4711276743037347|
总数目：10
}

Elapsed Time: 0.0.7

-- [1]1070:select int64,atan(int64) from t2 order by time
STRICT{
int64(INT64)      |_col1(DOUBLE)      |
-------------------------------------
-111              |-1.5617875615044796|
-------------------------------------
null              |null               |
-------------------------------------
-333              |-1.5677933328188989|
-------------------------------------
444               |1.5685440783509212 |
-------------------------------------
-555              |-1.5689945269429346|
-------------------------------------
666               |1.5692948264217754 |
-------------------------------------
-777              |-1.5695093262184792|
-------------------------------------
888               |1.5696702011448063 |
-------------------------------------
-999              |-1.5697953261282307|
-------------------------------------
100               |1.5607966601082315 |
总数目：10
}

Elapsed Time: 0.0.6

-- [1]1071:select float,atan(float) from t2 order by time
STRICT{
float(FLOAT)      |_col1(DOUBLE)      |
-------------------------------------
-1.1              |-0.8329812774626025|
-------------------------------------
2.2               |1.1441688418330402 |
-------------------------------------
-3.3              |-1.2765617576733037|
-------------------------------------
null              |null               |
-------------------------------------
-5.5              |-1.3909428270024184|
-------------------------------------
6.6               |1.4204248966475594 |
-------------------------------------
-7.7              |-1.441649033503253 |
-------------------------------------
8.8               |1.457645347636014  |
-------------------------------------
-9.9              |-1.4701276707842272|
-------------------------------------
10.1              |1.47210806984972   |
总数目：10
}

Elapsed Time: 0.0.5

-- [1]1072:select double,atan(double) from t2 order by time
STRICT{
double(DOUBLE)      |_col1(DOUBLE)      |
---------------------------------------
1.11                |0.837483712611627  |
---------------------------------------
-2.22               |-1.1475678688442623|
---------------------------------------
null                |null               |
---------------------------------------
-4.44               |-1.3492675221781487|
---------------------------------------
5.55                |1.392528868495663  |
---------------------------------------
-6.66               |-1.4217595363083344|
---------------------------------------
7.77                |1.4427998030628475 |
---------------------------------------
-8.88               |-1.4586561605884385|
---------------------------------------
9.99                |1.471028566276309  |
---------------------------------------
-10.01              |-1.4712265862717602|
总数目：10
}

Elapsed Time: 0.0.6
-- [1]1073:select date,atan(date) from t2 order by time
STRICT{
SQLSTATE : 701: Scalar function atan only accepts one argument and it must be Double, Float, Int32 or Int64 data type.
}
-- [1]1075:select timestamp,atan(timestamp) from t2 order by time
STRICT{
SQLSTATE : 701: Scalar function atan only accepts one argument and it must be Double, Float, Int32 or Int64 data type.
}
-- [1]1077:select boolean,atan(boolean) from t2 order by time
STRICT{
SQLSTATE : 701: Scalar function atan only accepts one argument and it must be Double, Float, Int32 or Int64 data type.
}
-- [1]1079:select text,atan(text) from t2 order by time
STRICT{
SQLSTATE : 701: Scalar function atan only accepts one argument and it must be Double, Float, Int32 or Int64 data type.
}
-- [1]1081:select string,atan(string) from t2 order by time
STRICT{
SQLSTATE : 701: Scalar function atan only accepts one argument and it must be Double, Float, Int32 or Int64 data type.
}
-- [1]1083:select blob,atan(blob) from t2 order by time
STRICT{
SQLSTATE : 701: Scalar function atan only accepts one argument and it must be Double, Float, Int32 or Int64 data type.
}
