-- [1]10:create database test_db
STRICT{
PASS
}
-- [1]14:use test_db
STRICT{
PASS
}
-- [1]32:create table t2 (     "device" STRING ID,     "type" STRING ATTRIBUTE,     "int32" INT32,     "int64" INT64,     "double" DOUBLE,     "float" FLOAT,     "boolean" BOOLEAN,     "text" TEXT,     "string" STRING,     "blob" BLOB,     "timestamp" TIMESTAMP,     "date" DATE )
STRICT{
PASS
}
-- [1]47:INSERT INTO t2(time,device,type,int32,int64,double,float,boolean,text,string,blob,timestamp,date) values (1,'d1','t1',null,-111,1.11,-1.1,0,'1.1','1.1',X'10F447',1,'1970-01-01'), (2,'d2','t2',-22,null,-2.22,2.2,1,'2.2','2.2',X'21E88E',2,'1970-01-02'), (3,'d3','t3',33,-333,null,-3.3,0,'3.3','3.3',X'32DCD5',3,'1970-01-03'), (4,'d4','t4',-44,444,-4.44,null,1,'4.4','4.4',X'42DCD5',4,'1970-01-04'), (5,'d5','t5',55,-555,5.55,-5.5,null,'5.5','5.5',X'52DCD5',5,'1970-01-05'), (6,'d6','t6',-66,666,-6.66,6.6,1,null,'6.6',X'62DCD5',6,'1970-01-06'), (7,'d7','t7',77,-777,7.77,-7.7,0,'7.7',null,X'72DCD5',7,'1970-01-07'), (8,'d8','t8',-88,888,-8.88,8.8,1,'8.8','8.8',null,8,'1970-01-08'), (9,'d9','t9',99,-999,9.99,-9.9,0,'9.9','9.9',X'92DCD5',null,'1970-01-09'), (10,'d10','t10',-10,100,-10.01,10.1,1,'10.1','10.1',X'102DCD62',11,null)
STRICT{
0
}

Elapsed Time: 0.0.624

-- [1]50:select int32,int64,int32+int64,double,int32+double,float,int32+float from t2 order by time
STRICT{
int32(INT32)      |int64(INT64)      |_col2(DOUBLE)      |double(DOUBLE)      |_col4(DOUBLE)      |float(FLOAT)      |_col6(DOUBLE)      |
-----------------------------------------------------------------------------------------------------------------------------------
null              |-111              |null               |1.11                |null               |-1.1              |null               |
-----------------------------------------------------------------------------------------------------------------------------------
-22               |null              |null               |-2.22               |-24.22             |2.2               |-19.799999952316284|
-----------------------------------------------------------------------------------------------------------------------------------
33                |-333              |-300.0             |null                |null               |-3.3              |29.700000047683716 |
-----------------------------------------------------------------------------------------------------------------------------------
-44               |444               |400.0              |-4.44               |-48.44             |null              |null               |
-----------------------------------------------------------------------------------------------------------------------------------
55                |-555              |-500.0             |5.55                |60.55              |-5.5              |49.5               |
-----------------------------------------------------------------------------------------------------------------------------------
-66               |666               |600.0              |-6.66               |-72.66             |6.6               |-59.40000009536743 |
-----------------------------------------------------------------------------------------------------------------------------------
77                |-777              |-700.0             |7.77                |84.77              |-7.7              |69.30000019073486  |
-----------------------------------------------------------------------------------------------------------------------------------
-88               |888               |800.0              |-8.88               |-96.88             |8.8               |-79.19999980926514 |
-----------------------------------------------------------------------------------------------------------------------------------
99                |-999              |-900.0             |9.99                |108.99             |-9.9              |89.10000038146973  |
-----------------------------------------------------------------------------------------------------------------------------------
-10               |100               |90.0               |-10.01              |-20.009999999999998|10.1              |0.10000038146972656|
总数目：10
}

Elapsed Time: 0.0.10
-- [1]51:select int32,boolean,int32+boolean from t2 order by time
STRICT{
SQLSTATE : 701: Cannot apply operator: INT32 + BOOLEAN
}
-- [1]53:select int32,text,int32+text from t2 order by time
STRICT{
SQLSTATE : 701: Cannot apply operator: INT32 + TEXT
}
-- [1]55:select int32,string,int32+string from t2 order by time
STRICT{
SQLSTATE : 701: Cannot apply operator: INT32 + STRING
}
-- [1]57:select int32,blob,int32+blob from t2 order by time
STRICT{
SQLSTATE : 701: Cannot apply operator: INT32 + BLOB
}

-- [1]59:select int32,timestamp,int32+timestamp from t2 order by time
STRICT{
int32(INT32)      |timestamp(TIMESTAMP)      |_col2(DOUBLE)      |
---------------------------------------------------------------
null              |1970-01-01T08:00:00.001+08|null               |
                  |:00                       |                   |
---------------------------------------------------------------
-22               |1970-01-01T08:00:00.002+08|-20.0              |
                  |:00                       |                   |
---------------------------------------------------------------
33                |1970-01-01T08:00:00.003+08|36.0               |
                  |:00                       |                   |
---------------------------------------------------------------
-44               |1970-01-01T08:00:00.004+08|-40.0              |
                  |:00                       |                   |
---------------------------------------------------------------
55                |1970-01-01T08:00:00.005+08|60.0               |
                  |:00                       |                   |
---------------------------------------------------------------
-66               |1970-01-01T08:00:00.006+08|-60.0              |
                  |:00                       |                   |
---------------------------------------------------------------
77                |1970-01-01T08:00:00.007+08|84.0               |
                  |:00                       |                   |
---------------------------------------------------------------
-88               |1970-01-01T08:00:00.008+08|-80.0              |
                  |:00                       |                   |
---------------------------------------------------------------
99                |null                      |null               |
---------------------------------------------------------------
-10               |1970-01-01T08:00:00.011+08|1.0                |
                  |:00                       |                   |
总数目：10
}

Elapsed Time: 0.0.4
-- [1]60:select int32,date,int32+date from t2 order by time
STRICT{
SQLSTATE : 701: Cannot apply operator: INT32 + DATE
}

-- [1]63:select int64,int32,int64+int32,double,int64+double,float,int64+float from t2 order by time
STRICT{
int64(INT64)      |int32(INT32)      |_col2(DOUBLE)      |double(DOUBLE)      |_col4(DOUBLE)      |float(FLOAT)      |_col6(DOUBLE)      |
-----------------------------------------------------------------------------------------------------------------------------------
-111              |null              |null               |1.11                |-109.89            |-1.1              |-112.10000002384186|
-----------------------------------------------------------------------------------------------------------------------------------
null              |-22               |null               |-2.22               |null               |2.2               |null               |
-----------------------------------------------------------------------------------------------------------------------------------
-333              |33                |-300.0             |null                |null               |-3.3              |-336.2999999523163 |
-----------------------------------------------------------------------------------------------------------------------------------
444               |-44               |400.0              |-4.44               |439.56             |null              |null               |
-----------------------------------------------------------------------------------------------------------------------------------
-555              |55                |-500.0             |5.55                |-549.45            |-5.5              |-560.5             |
-----------------------------------------------------------------------------------------------------------------------------------
666               |-66               |600.0              |-6.66               |659.34             |6.6               |672.5999999046326  |
-----------------------------------------------------------------------------------------------------------------------------------
-777              |77                |-700.0             |7.77                |-769.23            |-7.7              |-784.6999998092651 |
-----------------------------------------------------------------------------------------------------------------------------------
888               |-88               |800.0              |-8.88               |879.12             |8.8               |896.8000001907349  |
-----------------------------------------------------------------------------------------------------------------------------------
-999              |99                |-900.0             |9.99                |-989.01            |-9.9              |-1008.8999996185303|
-----------------------------------------------------------------------------------------------------------------------------------
100               |-10               |90.0               |-10.01              |89.99              |10.1              |110.10000038146973 |
总数目：10
}

Elapsed Time: 0.0.3
-- [1]64:select int64,boolean,int64+boolean from t2 order by time
STRICT{
SQLSTATE : 701: Cannot apply operator: INT64 + BOOLEAN
}
-- [1]66:select int64,text,int64+text from t2 order by time
STRICT{
SQLSTATE : 701: Cannot apply operator: INT64 + TEXT
}
-- [1]68:select int64,string,int64+string from t2 order by time
STRICT{
SQLSTATE : 701: Cannot apply operator: INT64 + STRING
}
-- [1]70:select int64,blob,int64+blob from t2 order by time
STRICT{
SQLSTATE : 701: Cannot apply operator: INT64 + BLOB
}

-- [1]72:select int64,timestamp,int64+timestamp from t2 order by time
STRICT{
int64(INT64)      |timestamp(TIMESTAMP)      |_col2(DOUBLE)      |
---------------------------------------------------------------
-111              |1970-01-01T08:00:00.001+08|-110.0             |
                  |:00                       |                   |
---------------------------------------------------------------
null              |1970-01-01T08:00:00.002+08|null               |
                  |:00                       |                   |
---------------------------------------------------------------
-333              |1970-01-01T08:00:00.003+08|-330.0             |
                  |:00                       |                   |
---------------------------------------------------------------
444               |1970-01-01T08:00:00.004+08|448.0              |
                  |:00                       |                   |
---------------------------------------------------------------
-555              |1970-01-01T08:00:00.005+08|-550.0             |
                  |:00                       |                   |
---------------------------------------------------------------
666               |1970-01-01T08:00:00.006+08|672.0              |
                  |:00                       |                   |
---------------------------------------------------------------
-777              |1970-01-01T08:00:00.007+08|-770.0             |
                  |:00                       |                   |
---------------------------------------------------------------
888               |1970-01-01T08:00:00.008+08|896.0              |
                  |:00                       |                   |
---------------------------------------------------------------
-999              |null                      |null               |
---------------------------------------------------------------
100               |1970-01-01T08:00:00.011+08|111.0              |
                  |:00                       |                   |
总数目：10
}

Elapsed Time: 0.0.4
-- [1]73:select int64,date,int64+date from t2 order by time
STRICT{
SQLSTATE : 701: Cannot apply operator: INT64 + DATE
}

-- [1]76:select double,int32,double+int32,int64,double+int64,float,double+float from t2 order by time
STRICT{
double(DOUBLE)      |int32(INT32)      |_col2(DOUBLE)      |int64(INT64)      |_col4(DOUBLE)      |float(FLOAT)      |_col6(DOUBLE)      |
-----------------------------------------------------------------------------------------------------------------------------------
1.11                |null              |null               |-111              |-109.89            |-1.1              |0.00999997615814218|
                    |                  |                   |                  |                   |                  |8                  |
-----------------------------------------------------------------------------------------------------------------------------------
-2.22               |-22               |-24.22             |null              |null               |2.2               |-0.0199999523162843|
                    |                  |                   |                  |                   |                  |75                 |
-----------------------------------------------------------------------------------------------------------------------------------
null                |33                |null               |-333              |null               |-3.3              |null               |
-----------------------------------------------------------------------------------------------------------------------------------
-4.44               |-44               |-48.44             |444               |439.56             |null              |null               |
-----------------------------------------------------------------------------------------------------------------------------------
5.55                |55                |60.55              |-555              |-549.45            |-5.5              |0.04999999999999982|
-----------------------------------------------------------------------------------------------------------------------------------
-6.66               |-66               |-72.66             |666               |659.34             |6.6               |-0.0600000953674317|
                    |                  |                   |                  |                   |                  |8                  |
-----------------------------------------------------------------------------------------------------------------------------------
7.77                |77                |84.77              |-777              |-769.23            |-7.7              |0.07000019073486285|
-----------------------------------------------------------------------------------------------------------------------------------
-8.88               |-88               |-96.88             |888               |879.12             |8.8               |-0.0799998092651375|
-----------------------------------------------------------------------------------------------------------------------------------
9.99                |99                |108.99             |-999              |-989.01            |-9.9              |0.09000038146972678|
-----------------------------------------------------------------------------------------------------------------------------------
-10.01              |-10               |-20.009999999999998|100               |89.99              |10.1              |0.09000038146972678|
总数目：10
}

Elapsed Time: 0.0.4
-- [1]77:select double,boolean,double+boolean from t2 order by time
STRICT{
SQLSTATE : 701: Cannot apply operator: DOUBLE + BOOLEAN
}
-- [1]79:select double,text,double+text from t2 order by time
STRICT{
SQLSTATE : 701: Cannot apply operator: DOUBLE + TEXT
}
-- [1]81:select double,string,double+string from t2 order by time
STRICT{
SQLSTATE : 701: Cannot apply operator: DOUBLE + STRING
}
-- [1]83:select double,blob,double+blob from t2 order by time
STRICT{
SQLSTATE : 701: Cannot apply operator: DOUBLE + BLOB
}

-- [1]85:select double,timestamp,double+timestamp from t2 order by time
STRICT{
double(DOUBLE)      |timestamp(TIMESTAMP)      |_col2(DOUBLE)      |
-----------------------------------------------------------------
1.11                |1970-01-01T08:00:00.001+08|2.1100000000000003 |
                    |:00                       |                   |
-----------------------------------------------------------------
-2.22               |1970-01-01T08:00:00.002+08|-0.2200000000000002|
                    |:00                       |                   |
-----------------------------------------------------------------
null                |1970-01-01T08:00:00.003+08|null               |
                    |:00                       |                   |
-----------------------------------------------------------------
-4.44               |1970-01-01T08:00:00.004+08|-0.4400000000000004|
                    |:00                       |                   |
-----------------------------------------------------------------
5.55                |1970-01-01T08:00:00.005+08|10.55              |
                    |:00                       |                   |
-----------------------------------------------------------------
-6.66               |1970-01-01T08:00:00.006+08|-0.6600000000000001|
                    |:00                       |                   |
-----------------------------------------------------------------
7.77                |1970-01-01T08:00:00.007+08|14.77              |
                    |:00                       |                   |
-----------------------------------------------------------------
-8.88               |1970-01-01T08:00:00.008+08|-0.8800000000000008|
                    |:00                       |                   |
-----------------------------------------------------------------
9.99                |null                      |null               |
-----------------------------------------------------------------
-10.01              |1970-01-01T08:00:00.011+08|0.9900000000000002 |
                    |:00                       |                   |
总数目：10
}

Elapsed Time: 0.0.4
-- [1]86:select double,date,double+date from t2 order by time
STRICT{
SQLSTATE : 701: Cannot apply operator: DOUBLE + DATE
}

-- [1]89:select float,int32,float+int32,int64,float+int64,double,float+double from t2 order by time
STRICT{
float(FLOAT)      |int32(INT32)      |_col2(DOUBLE)      |int64(INT64)      |_col4(DOUBLE)      |double(DOUBLE)      |_col6(DOUBLE)      |
-----------------------------------------------------------------------------------------------------------------------------------
-1.1              |null              |null               |-111              |-112.10000002384186|1.11                |0.00999997615814218|
                  |                  |                   |                  |                   |                    |8                  |
-----------------------------------------------------------------------------------------------------------------------------------
2.2               |-22               |-19.799999952316284|null              |null               |-2.22               |-0.0199999523162843|
                  |                  |                   |                  |                   |                    |75                 |
-----------------------------------------------------------------------------------------------------------------------------------
-3.3              |33                |29.700000047683716 |-333              |-336.2999999523163 |null                |null               |
-----------------------------------------------------------------------------------------------------------------------------------
null              |-44               |null               |444               |null               |-4.44               |null               |
-----------------------------------------------------------------------------------------------------------------------------------
-5.5              |55                |49.5               |-555              |-560.5             |5.55                |0.04999999999999982|
-----------------------------------------------------------------------------------------------------------------------------------
6.6               |-66               |-59.40000009536743 |666               |672.5999999046326  |-6.66               |-0.0600000953674317|
                  |                  |                   |                  |                   |                    |8                  |
-----------------------------------------------------------------------------------------------------------------------------------
-7.7              |77                |69.30000019073486  |-777              |-784.6999998092651 |7.77                |0.07000019073486285|
-----------------------------------------------------------------------------------------------------------------------------------
8.8               |-88               |-79.19999980926514 |888               |896.8000001907349  |-8.88               |-0.0799998092651375|
-----------------------------------------------------------------------------------------------------------------------------------
-9.9              |99                |89.10000038146973  |-999              |-1008.8999996185303|9.99                |0.09000038146972678|
-----------------------------------------------------------------------------------------------------------------------------------
10.1              |-10               |0.10000038146972656|100               |110.10000038146973 |-10.01              |0.09000038146972678|
总数目：10
}

Elapsed Time: 0.0.3
-- [1]90:select float,boolean,float+boolean from t2 order by time
STRICT{
SQLSTATE : 701: Cannot apply operator: FLOAT + BOOLEAN
}
-- [1]92:select float,text,float+text from t2 order by time
STRICT{
SQLSTATE : 701: Cannot apply operator: FLOAT + TEXT
}
-- [1]94:select float,string,float+string from t2 order by time
STRICT{
SQLSTATE : 701: Cannot apply operator: FLOAT + STRING
}
-- [1]96:select float,blob,float+blob from t2 order by time
STRICT{
SQLSTATE : 701: Cannot apply operator: FLOAT + BLOB
}

-- [1]98:select float,timestamp,float+timestamp from t2 order by time
STRICT{
float(FLOAT)      |timestamp(TIMESTAMP)      |_col2(DOUBLE)      |
---------------------------------------------------------------
-1.1              |1970-01-01T08:00:00.001+08|-0.1000000238418579|
                  |:00                       |1                  |
---------------------------------------------------------------
2.2               |1970-01-01T08:00:00.002+08|4.200000047683716  |
                  |:00                       |                   |
---------------------------------------------------------------
-3.3              |1970-01-01T08:00:00.003+08|-0.2999999523162842|
                  |:00                       |                   |
---------------------------------------------------------------
null              |1970-01-01T08:00:00.004+08|null               |
                  |:00                       |                   |
---------------------------------------------------------------
-5.5              |1970-01-01T08:00:00.005+08|-0.5               |
                  |:00                       |                   |
---------------------------------------------------------------
6.6               |1970-01-01T08:00:00.006+08|12.599999904632568 |
                  |:00                       |                   |
---------------------------------------------------------------
-7.7              |1970-01-01T08:00:00.007+08|-0.6999998092651367|
                  |:00                       |                   |
---------------------------------------------------------------
8.8               |1970-01-01T08:00:00.008+08|16.800000190734863 |
                  |:00                       |                   |
---------------------------------------------------------------
-9.9              |null                      |null               |
---------------------------------------------------------------
10.1              |1970-01-01T08:00:00.011+08|21.100000381469727 |
                  |:00                       |                   |
总数目：10
}

Elapsed Time: 0.0.3
-- [1]99:select float,date,float+date from t2 order by time
STRICT{
SQLSTATE : 701: Cannot apply operator: FLOAT + DATE
}

-- [1]103:select int32,int64,int32-int64,double,int32-double,float,int32-float from t2 order by time
STRICT{
int32(INT32)      |int64(INT64)      |_col2(DOUBLE)      |double(DOUBLE)      |_col4(DOUBLE)      |float(FLOAT)      |_col6(DOUBLE)      |
-----------------------------------------------------------------------------------------------------------------------------------
null              |-111              |null               |1.11                |null               |-1.1              |null               |
-----------------------------------------------------------------------------------------------------------------------------------
-22               |null              |null               |-2.22               |-19.78             |2.2               |-24.200000047683716|
-----------------------------------------------------------------------------------------------------------------------------------
33                |-333              |366.0              |null                |null               |-3.3              |36.299999952316284 |
-----------------------------------------------------------------------------------------------------------------------------------
-44               |444               |-488.0             |-4.44               |-39.56             |null              |null               |
-----------------------------------------------------------------------------------------------------------------------------------
55                |-555              |610.0              |5.55                |49.45              |-5.5              |60.5               |
-----------------------------------------------------------------------------------------------------------------------------------
-66               |666               |-732.0             |-6.66               |-59.34             |6.6               |-72.59999990463257 |
-----------------------------------------------------------------------------------------------------------------------------------
77                |-777              |854.0              |7.77                |69.23              |-7.7              |84.69999980926514  |
-----------------------------------------------------------------------------------------------------------------------------------
-88               |888               |-976.0             |-8.88               |-79.12             |8.8               |-96.80000019073486 |
-----------------------------------------------------------------------------------------------------------------------------------
99                |-999              |1098.0             |9.99                |89.01              |-9.9              |108.89999961853027 |
-----------------------------------------------------------------------------------------------------------------------------------
-10               |100               |-110.0             |-10.01              |0.00999999999999978|10.1              |-20.100000381469727|
                  |                  |                   |                    |7                  |                  |                   |
总数目：10
}

Elapsed Time: 0.0.2
-- [1]104:select int32,boolean,int32-boolean from t2 order by time
STRICT{
SQLSTATE : 701: Cannot apply operator: INT32 - BOOLEAN
}
-- [1]106:select int32,text,int32-text from t2 order by time
STRICT{
SQLSTATE : 701: Cannot apply operator: INT32 - TEXT
}
-- [1]108:select int32,string,int32-string from t2 order by time
STRICT{
SQLSTATE : 701: Cannot apply operator: INT32 - STRING
}
-- [1]110:select int32,blob,int32-blob from t2 order by time
STRICT{
SQLSTATE : 701: Cannot apply operator: INT32 - BLOB
}

-- [1]112:select int32,timestamp,int32-timestamp from t2 order by time
STRICT{
int32(INT32)      |timestamp(TIMESTAMP)      |_col2(DOUBLE)      |
---------------------------------------------------------------
null              |1970-01-01T08:00:00.001+08|null               |
                  |:00                       |                   |
---------------------------------------------------------------
-22               |1970-01-01T08:00:00.002+08|-24.0              |
                  |:00                       |                   |
---------------------------------------------------------------
33                |1970-01-01T08:00:00.003+08|30.0               |
                  |:00                       |                   |
---------------------------------------------------------------
-44               |1970-01-01T08:00:00.004+08|-48.0              |
                  |:00                       |                   |
---------------------------------------------------------------
55                |1970-01-01T08:00:00.005+08|50.0               |
                  |:00                       |                   |
---------------------------------------------------------------
-66               |1970-01-01T08:00:00.006+08|-72.0              |
                  |:00                       |                   |
---------------------------------------------------------------
77                |1970-01-01T08:00:00.007+08|70.0               |
                  |:00                       |                   |
---------------------------------------------------------------
-88               |1970-01-01T08:00:00.008+08|-96.0              |
                  |:00                       |                   |
---------------------------------------------------------------
99                |null                      |null               |
---------------------------------------------------------------
-10               |1970-01-01T08:00:00.011+08|-21.0              |
                  |:00                       |                   |
总数目：10
}

Elapsed Time: 0.0.3
-- [1]113:select int32,date,int32-date from t2 order by time
STRICT{
SQLSTATE : 701: Cannot apply operator: INT32 - DATE
}

-- [1]116:select int64,int32,int64-int32,double,int64-double,float,int64-float from t2 order by time
STRICT{
int64(INT64)      |int32(INT32)      |_col2(DOUBLE)      |double(DOUBLE)      |_col4(DOUBLE)      |float(FLOAT)      |_col6(DOUBLE)      |
-----------------------------------------------------------------------------------------------------------------------------------
-111              |null              |null               |1.11                |-112.11            |-1.1              |-109.89999997615814|
-----------------------------------------------------------------------------------------------------------------------------------
null              |-22               |null               |-2.22               |null               |2.2               |null               |
-----------------------------------------------------------------------------------------------------------------------------------
-333              |33                |-366.0             |null                |null               |-3.3              |-329.7000000476837 |
-----------------------------------------------------------------------------------------------------------------------------------
444               |-44               |488.0              |-4.44               |448.44             |null              |null               |
-----------------------------------------------------------------------------------------------------------------------------------
-555              |55                |-610.0             |5.55                |-560.55            |-5.5              |-549.5             |
-----------------------------------------------------------------------------------------------------------------------------------
666               |-66               |732.0              |-6.66               |672.66             |6.6               |659.4000000953674  |
-----------------------------------------------------------------------------------------------------------------------------------
-777              |77                |-854.0             |7.77                |-784.77            |-7.7              |-769.3000001907349 |
-----------------------------------------------------------------------------------------------------------------------------------
888               |-88               |976.0              |-8.88               |896.88             |8.8               |879.1999998092651  |
-----------------------------------------------------------------------------------------------------------------------------------
-999              |99                |-1098.0            |9.99                |-1008.99           |-9.9              |-989.1000003814697 |
-----------------------------------------------------------------------------------------------------------------------------------
100               |-10               |110.0              |-10.01              |110.01             |10.1              |89.89999961853027  |
总数目：10
}

Elapsed Time: 0.0.4
-- [1]117:select int64,boolean,int64-boolean from t2 order by time
STRICT{
SQLSTATE : 701: Cannot apply operator: INT64 - BOOLEAN
}
-- [1]119:select int64,text,int64-text from t2 order by time
STRICT{
SQLSTATE : 701: Cannot apply operator: INT64 - TEXT
}
-- [1]121:select int64,string,int64-string from t2 order by time
STRICT{
SQLSTATE : 701: Cannot apply operator: INT64 - STRING
}
-- [1]123:select int64,blob,int64-blob from t2 order by time
STRICT{
SQLSTATE : 701: Cannot apply operator: INT64 - BLOB
}

-- [1]125:select int64,timestamp,int64-timestamp from t2 order by time
STRICT{
int64(INT64)      |timestamp(TIMESTAMP)      |_col2(DOUBLE)      |
---------------------------------------------------------------
-111              |1970-01-01T08:00:00.001+08|-112.0             |
                  |:00                       |                   |
---------------------------------------------------------------
null              |1970-01-01T08:00:00.002+08|null               |
                  |:00                       |                   |
---------------------------------------------------------------
-333              |1970-01-01T08:00:00.003+08|-336.0             |
                  |:00                       |                   |
---------------------------------------------------------------
444               |1970-01-01T08:00:00.004+08|440.0              |
                  |:00                       |                   |
---------------------------------------------------------------
-555              |1970-01-01T08:00:00.005+08|-560.0             |
                  |:00                       |                   |
---------------------------------------------------------------
666               |1970-01-01T08:00:00.006+08|660.0              |
                  |:00                       |                   |
---------------------------------------------------------------
-777              |1970-01-01T08:00:00.007+08|-784.0             |
                  |:00                       |                   |
---------------------------------------------------------------
888               |1970-01-01T08:00:00.008+08|880.0              |
                  |:00                       |                   |
---------------------------------------------------------------
-999              |null                      |null               |
---------------------------------------------------------------
100               |1970-01-01T08:00:00.011+08|89.0               |
                  |:00                       |                   |
总数目：10
}

Elapsed Time: 0.0.3
-- [1]126:select int64,date,int64-date from t2 order by time
STRICT{
SQLSTATE : 701: Cannot apply operator: INT64 - DATE
}

-- [1]129:select double,int32,double-int32,int64,double-int64,float,double-float from t2 order by time
STRICT{
double(DOUBLE)      |int32(INT32)      |_col2(DOUBLE)      |int64(INT64)      |_col4(DOUBLE)      |float(FLOAT)      |_col6(DOUBLE)      |
-----------------------------------------------------------------------------------------------------------------------------------
1.11                |null              |null               |-111              |112.11             |-1.1              |2.2100000238418582 |
-----------------------------------------------------------------------------------------------------------------------------------
-2.22               |-22               |19.78              |null              |null               |2.2               |-4.4200000476837165|
-----------------------------------------------------------------------------------------------------------------------------------
null                |33                |null               |-333              |null               |-3.3              |null               |
-----------------------------------------------------------------------------------------------------------------------------------
-4.44               |-44               |39.56              |444               |-448.44            |null              |null               |
-----------------------------------------------------------------------------------------------------------------------------------
5.55                |55                |-49.45             |-555              |560.55             |-5.5              |11.05              |
-----------------------------------------------------------------------------------------------------------------------------------
-6.66               |-66               |59.34              |666               |-672.66            |6.6               |-13.259999904632569|
-----------------------------------------------------------------------------------------------------------------------------------
7.77                |77                |-69.23             |-777              |784.77             |-7.7              |15.469999809265136 |
-----------------------------------------------------------------------------------------------------------------------------------
-8.88               |-88               |79.12              |888               |-896.88            |8.8               |-17.680000190734866|
-----------------------------------------------------------------------------------------------------------------------------------
9.99                |99                |-89.01             |-999              |1008.99            |-9.9              |19.889999618530275 |
-----------------------------------------------------------------------------------------------------------------------------------
-10.01              |-10               |-0.0099999999999997|100               |-110.01            |10.1              |-20.110000381469725|
                    |                  |87                 |                  |                   |                  |                   |
总数目：10
}

Elapsed Time: 0.0.3
-- [1]130:select double,boolean,double-boolean from t2 order by time
STRICT{
SQLSTATE : 701: Cannot apply operator: DOUBLE - BOOLEAN
}
-- [1]132:select double,text,double-text from t2 order by time
STRICT{
SQLSTATE : 701: Cannot apply operator: DOUBLE - TEXT
}
-- [1]134:select double,string,double-string from t2 order by time
STRICT{
SQLSTATE : 701: Cannot apply operator: DOUBLE - STRING
}
-- [1]136:select double,blob,double-blob from t2 order by time
STRICT{
SQLSTATE : 701: Cannot apply operator: DOUBLE - BLOB
}

-- [1]138:select double,timestamp,double-timestamp from t2 order by time
STRICT{
double(DOUBLE)      |timestamp(TIMESTAMP)      |_col2(DOUBLE)      |
-----------------------------------------------------------------
1.11                |1970-01-01T08:00:00.001+08|0.1100000000000001 |
                    |:00                       |                   |
-----------------------------------------------------------------
-2.22               |1970-01-01T08:00:00.002+08|-4.220000000000001 |
                    |:00                       |                   |
-----------------------------------------------------------------
null                |1970-01-01T08:00:00.003+08|null               |
                    |:00                       |                   |
-----------------------------------------------------------------
-4.44               |1970-01-01T08:00:00.004+08|-8.440000000000001 |
                    |:00                       |                   |
-----------------------------------------------------------------
5.55                |1970-01-01T08:00:00.005+08|0.5499999999999998 |
                    |:00                       |                   |
-----------------------------------------------------------------
-6.66               |1970-01-01T08:00:00.006+08|-12.66             |
                    |:00                       |                   |
-----------------------------------------------------------------
7.77                |1970-01-01T08:00:00.007+08|0.7699999999999996 |
                    |:00                       |                   |
-----------------------------------------------------------------
-8.88               |1970-01-01T08:00:00.008+08|-16.880000000000003|
                    |:00                       |                   |
-----------------------------------------------------------------
9.99                |null                      |null               |
-----------------------------------------------------------------
-10.01              |1970-01-01T08:00:00.011+08|-21.009999999999998|
                    |:00                       |                   |
总数目：10
}

Elapsed Time: 0.0.2
-- [1]139:select double,date,double-date from t2 order by time
STRICT{
SQLSTATE : 701: Cannot apply operator: DOUBLE - DATE
}

-- [1]142:select float,int32,float-int32,int64,float-int64,double,float-double from t2 order by time
STRICT{
float(FLOAT)      |int32(INT32)      |_col2(DOUBLE)      |int64(INT64)      |_col4(DOUBLE)      |double(DOUBLE)      |_col6(DOUBLE)      |
-----------------------------------------------------------------------------------------------------------------------------------
-1.1              |null              |null               |-111              |109.89999997615814 |1.11                |-2.2100000238418582|
-----------------------------------------------------------------------------------------------------------------------------------
2.2               |-22               |24.200000047683716 |null              |null               |-2.22               |4.4200000476837165 |
-----------------------------------------------------------------------------------------------------------------------------------
-3.3              |33                |-36.299999952316284|-333              |329.7000000476837  |null                |null               |
-----------------------------------------------------------------------------------------------------------------------------------
null              |-44               |null               |444               |null               |-4.44               |null               |
-----------------------------------------------------------------------------------------------------------------------------------
-5.5              |55                |-60.5              |-555              |549.5              |5.55                |-11.05             |
-----------------------------------------------------------------------------------------------------------------------------------
6.6               |-66               |72.59999990463257  |666               |-659.4000000953674 |-6.66               |13.259999904632569 |
-----------------------------------------------------------------------------------------------------------------------------------
-7.7              |77                |-84.69999980926514 |-777              |769.3000001907349  |7.77                |-15.469999809265136|
-----------------------------------------------------------------------------------------------------------------------------------
8.8               |-88               |96.80000019073486  |888               |-879.1999998092651 |-8.88               |17.680000190734866 |
-----------------------------------------------------------------------------------------------------------------------------------
-9.9              |99                |-108.89999961853027|-999              |989.1000003814697  |9.99                |-19.889999618530275|
-----------------------------------------------------------------------------------------------------------------------------------
10.1              |-10               |20.100000381469727 |100               |-89.89999961853027 |-10.01              |20.110000381469725 |
总数目：10
}

Elapsed Time: 0.0.9
-- [1]143:select float,boolean,float-boolean from t2 order by time
STRICT{
SQLSTATE : 701: Cannot apply operator: FLOAT - BOOLEAN
}
-- [1]145:select float,text,float-text from t2 order by time
STRICT{
SQLSTATE : 701: Cannot apply operator: FLOAT - TEXT
}
-- [1]147:select float,string,float-string from t2 order by time
STRICT{
SQLSTATE : 701: Cannot apply operator: FLOAT - STRING
}
-- [1]149:select float,blob,float-blob from t2 order by time
STRICT{
SQLSTATE : 701: Cannot apply operator: FLOAT - BLOB
}

-- [1]151:select float,timestamp,float-timestamp from t2 order by time
STRICT{
float(FLOAT)      |timestamp(TIMESTAMP)      |_col2(DOUBLE)      |
---------------------------------------------------------------
-1.1              |1970-01-01T08:00:00.001+08|-2.100000023841858 |
                  |:00                       |                   |
---------------------------------------------------------------
2.2               |1970-01-01T08:00:00.002+08|0.20000004768371582|
                  |:00                       |                   |
---------------------------------------------------------------
-3.3              |1970-01-01T08:00:00.003+08|-6.299999952316284 |
                  |:00                       |                   |
---------------------------------------------------------------
null              |1970-01-01T08:00:00.004+08|null               |
                  |:00                       |                   |
---------------------------------------------------------------
-5.5              |1970-01-01T08:00:00.005+08|-10.5              |
                  |:00                       |                   |
---------------------------------------------------------------
6.6               |1970-01-01T08:00:00.006+08|0.5999999046325684 |
                  |:00                       |                   |
---------------------------------------------------------------
-7.7              |1970-01-01T08:00:00.007+08|-14.699999809265137|
                  |:00                       |                   |
---------------------------------------------------------------
8.8               |1970-01-01T08:00:00.008+08|0.8000001907348633 |
                  |:00                       |                   |
---------------------------------------------------------------
-9.9              |null                      |null               |
---------------------------------------------------------------
10.1              |1970-01-01T08:00:00.011+08|-0.8999996185302734|
                  |:00                       |                   |
总数目：10
}

Elapsed Time: 0.0.3
-- [1]152:select float,date,float-date from t2 order by time
STRICT{
SQLSTATE : 701: Cannot apply operator: FLOAT - DATE
}

-- [1]156:select int32,int64,int32*int64,double,int32*double,float,int32*float from t2 order by time
STRICT{
int32(INT32)      |int64(INT64)      |_col2(DOUBLE)      |double(DOUBLE)      |_col4(DOUBLE)      |float(FLOAT)      |_col6(DOUBLE)      |
-----------------------------------------------------------------------------------------------------------------------------------
null              |-111              |null               |1.11                |null               |-1.1              |null               |
-----------------------------------------------------------------------------------------------------------------------------------
-22               |null              |null               |-2.22               |48.84              |2.2               |-48.40000104904175 |
-----------------------------------------------------------------------------------------------------------------------------------
33                |-333              |-10989.0           |null                |null               |-3.3              |-108.89999842643738|
-----------------------------------------------------------------------------------------------------------------------------------
-44               |444               |-19536.0           |-4.44               |195.36             |null              |null               |
-----------------------------------------------------------------------------------------------------------------------------------
55                |-555              |-30525.0           |5.55                |305.25             |-5.5              |-302.5             |
-----------------------------------------------------------------------------------------------------------------------------------
-66               |666               |-43956.0           |-6.66               |439.56             |6.6               |-435.5999937057495 |
-----------------------------------------------------------------------------------------------------------------------------------
77                |-777              |-59829.0           |7.77                |598.29             |-7.7              |-592.8999853134155 |
-----------------------------------------------------------------------------------------------------------------------------------
-88               |888               |-78144.0           |-8.88               |781.44             |8.8               |-774.400016784668  |
-----------------------------------------------------------------------------------------------------------------------------------
99                |-999              |-98901.0           |9.99                |989.01             |-9.9              |-980.0999622344971 |
-----------------------------------------------------------------------------------------------------------------------------------
-10               |100               |-1000.0            |-10.01              |100.1              |10.1              |-101.00000381469727|
总数目：10
}

Elapsed Time: 0.0.3
-- [1]157:select int32,boolean,int32*boolean from t2 order by time
STRICT{
SQLSTATE : 701: Cannot apply operator: INT32 * BOOLEAN
}
-- [1]159:select int32,text,int32*text from t2 order by time
STRICT{
SQLSTATE : 701: Cannot apply operator: INT32 * TEXT
}
-- [1]161:select int32,string,int32*string from t2 order by time
STRICT{
SQLSTATE : 701: Cannot apply operator: INT32 * STRING
}
-- [1]163:select int32,blob,int32*blob from t2 order by time
STRICT{
SQLSTATE : 701: Cannot apply operator: INT32 * BLOB
}

-- [1]165:select int32,timestamp,int32*timestamp from t2 order by time
STRICT{
int32(INT32)      |timestamp(TIMESTAMP)      |_col2(DOUBLE)      |
---------------------------------------------------------------
null              |1970-01-01T08:00:00.001+08|null               |
                  |:00                       |                   |
---------------------------------------------------------------
-22               |1970-01-01T08:00:00.002+08|-44.0              |
                  |:00                       |                   |
---------------------------------------------------------------
33                |1970-01-01T08:00:00.003+08|99.0               |
                  |:00                       |                   |
---------------------------------------------------------------
-44               |1970-01-01T08:00:00.004+08|-176.0             |
                  |:00                       |                   |
---------------------------------------------------------------
55                |1970-01-01T08:00:00.005+08|275.0              |
                  |:00                       |                   |
---------------------------------------------------------------
-66               |1970-01-01T08:00:00.006+08|-396.0             |
                  |:00                       |                   |
---------------------------------------------------------------
77                |1970-01-01T08:00:00.007+08|539.0              |
                  |:00                       |                   |
---------------------------------------------------------------
-88               |1970-01-01T08:00:00.008+08|-704.0             |
                  |:00                       |                   |
---------------------------------------------------------------
99                |null                      |null               |
---------------------------------------------------------------
-10               |1970-01-01T08:00:00.011+08|-110.0             |
                  |:00                       |                   |
总数目：10
}

Elapsed Time: 0.0.3
-- [1]166:select int32,date,int32*date from t2 order by time
STRICT{
SQLSTATE : 701: Cannot apply operator: INT32 * DATE
}

-- [1]169:select int64,int32,int64*int32,double,int64*double,float,int64*float from t2 order by time
STRICT{
int64(INT64)      |int32(INT32)      |_col2(DOUBLE)      |double(DOUBLE)      |_col4(DOUBLE)      |float(FLOAT)      |_col6(DOUBLE)      |
-----------------------------------------------------------------------------------------------------------------------------------
-111              |null              |null               |1.11                |-123.21000000000001|-1.1              |122.10000264644623 |
-----------------------------------------------------------------------------------------------------------------------------------
null              |-22               |null               |-2.22               |null               |2.2               |null               |
-----------------------------------------------------------------------------------------------------------------------------------
-333              |33                |-10989.0           |null                |null               |-3.3              |1098.8999841213226 |
-----------------------------------------------------------------------------------------------------------------------------------
444               |-44               |-19536.0           |-4.44               |-1971.3600000000001|null              |null               |
-----------------------------------------------------------------------------------------------------------------------------------
-555              |55                |-30525.0           |5.55                |-3080.25           |-5.5              |3052.5             |
-----------------------------------------------------------------------------------------------------------------------------------
666               |-66               |-43956.0           |-6.66               |-4435.56           |6.6               |4395.5999364852905 |
-----------------------------------------------------------------------------------------------------------------------------------
-777              |77                |-59829.0           |7.77                |-6037.29           |-7.7              |5982.899851799011  |
-----------------------------------------------------------------------------------------------------------------------------------
888               |-88               |-78144.0           |-8.88               |-7885.4400000000005|8.8               |7814.400169372559  |
-----------------------------------------------------------------------------------------------------------------------------------
-999              |99                |-98901.0           |9.99                |-9980.01           |-9.9              |9890.099618911743  |
-----------------------------------------------------------------------------------------------------------------------------------
100               |-10               |-1000.0            |-10.01              |-1001.0            |10.1              |1010.0000381469727 |
总数目：10
}

Elapsed Time: 0.0.3
-- [1]170:select int64,boolean,int64*boolean from t2 order by time
STRICT{
SQLSTATE : 701: Cannot apply operator: INT64 * BOOLEAN
}
-- [1]172:select int64,text,int64*text from t2 order by time
STRICT{
SQLSTATE : 701: Cannot apply operator: INT64 * TEXT
}
-- [1]174:select int64,string,int64*string from t2 order by time
STRICT{
SQLSTATE : 701: Cannot apply operator: INT64 * STRING
}
-- [1]176:select int64,blob,int64*blob from t2 order by time
STRICT{
SQLSTATE : 701: Cannot apply operator: INT64 * BLOB
}

-- [1]178:select int64,timestamp,int64*timestamp from t2 order by time
STRICT{
int64(INT64)      |timestamp(TIMESTAMP)      |_col2(DOUBLE)      |
---------------------------------------------------------------
-111              |1970-01-01T08:00:00.001+08|-111.0             |
                  |:00                       |                   |
---------------------------------------------------------------
null              |1970-01-01T08:00:00.002+08|null               |
                  |:00                       |                   |
---------------------------------------------------------------
-333              |1970-01-01T08:00:00.003+08|-999.0             |
                  |:00                       |                   |
---------------------------------------------------------------
444               |1970-01-01T08:00:00.004+08|1776.0             |
                  |:00                       |                   |
---------------------------------------------------------------
-555              |1970-01-01T08:00:00.005+08|-2775.0            |
                  |:00                       |                   |
---------------------------------------------------------------
666               |1970-01-01T08:00:00.006+08|3996.0             |
                  |:00                       |                   |
---------------------------------------------------------------
-777              |1970-01-01T08:00:00.007+08|-5439.0            |
                  |:00                       |                   |
---------------------------------------------------------------
888               |1970-01-01T08:00:00.008+08|7104.0             |
                  |:00                       |                   |
---------------------------------------------------------------
-999              |null                      |null               |
---------------------------------------------------------------
100               |1970-01-01T08:00:00.011+08|1100.0             |
                  |:00                       |                   |
总数目：10
}

Elapsed Time: 0.0.4
-- [1]179:select int64,date,int64*date from t2 order by time
STRICT{
SQLSTATE : 701: Cannot apply operator: INT64 * DATE
}

-- [1]182:select double,int32,double*int32,int64,double*int64,float,double*float from t2 order by time
STRICT{
double(DOUBLE)      |int32(INT32)      |_col2(DOUBLE)      |int64(INT64)      |_col4(DOUBLE)      |float(FLOAT)      |_col6(DOUBLE)      |
-----------------------------------------------------------------------------------------------------------------------------------
1.11                |null              |null               |-111              |-123.21000000000001|-1.1              |-1.2210000264644625|
-----------------------------------------------------------------------------------------------------------------------------------
-2.22               |-22               |48.84              |null              |null               |2.2               |-4.88400010585785  |
-----------------------------------------------------------------------------------------------------------------------------------
null                |33                |null               |-333              |null               |-3.3              |null               |
-----------------------------------------------------------------------------------------------------------------------------------
-4.44               |-44               |195.36             |444               |-1971.3600000000001|null              |null               |
-----------------------------------------------------------------------------------------------------------------------------------
5.55                |55                |305.25             |-555              |-3080.25           |-5.5              |-30.525            |
-----------------------------------------------------------------------------------------------------------------------------------
-6.66               |-66               |439.56             |666               |-4435.56           |6.6               |-43.95599936485291 |
-----------------------------------------------------------------------------------------------------------------------------------
7.77                |77                |598.29             |-777              |-6037.29           |-7.7              |-59.82899851799011 |
-----------------------------------------------------------------------------------------------------------------------------------
-8.88               |-88               |781.44             |888               |-7885.4400000000005|8.8               |-78.1440016937256  |
-----------------------------------------------------------------------------------------------------------------------------------
9.99                |99                |989.01             |-999              |-9980.01           |-9.9              |-98.90099618911744 |
-----------------------------------------------------------------------------------------------------------------------------------
-10.01              |-10               |100.1              |100               |-1001.0            |10.1              |-101.10100381851196|
总数目：10
}

Elapsed Time: 0.0.2
-- [1]183:select double,boolean,double*boolean from t2 order by time
STRICT{
SQLSTATE : 701: Cannot apply operator: DOUBLE * BOOLEAN
}
-- [1]185:select double,text,double*text from t2 order by time
STRICT{
SQLSTATE : 701: Cannot apply operator: DOUBLE * TEXT
}
-- [1]187:select double,string,double*string from t2 order by time
STRICT{
SQLSTATE : 701: Cannot apply operator: DOUBLE * STRING
}
-- [1]189:select double,blob,double*blob from t2 order by time
STRICT{
SQLSTATE : 701: Cannot apply operator: DOUBLE * BLOB
}

-- [1]191:select double,timestamp,double*timestamp from t2 order by time
STRICT{
double(DOUBLE)      |timestamp(TIMESTAMP)      |_col2(DOUBLE)      |
-----------------------------------------------------------------
1.11                |1970-01-01T08:00:00.001+08|1.11               |
                    |:00                       |                   |
-----------------------------------------------------------------
-2.22               |1970-01-01T08:00:00.002+08|-4.44              |
                    |:00                       |                   |
-----------------------------------------------------------------
null                |1970-01-01T08:00:00.003+08|null               |
                    |:00                       |                   |
-----------------------------------------------------------------
-4.44               |1970-01-01T08:00:00.004+08|-17.76             |
                    |:00                       |                   |
-----------------------------------------------------------------
5.55                |1970-01-01T08:00:00.005+08|27.75              |
                    |:00                       |                   |
-----------------------------------------------------------------
-6.66               |1970-01-01T08:00:00.006+08|-39.96             |
                    |:00                       |                   |
-----------------------------------------------------------------
7.77                |1970-01-01T08:00:00.007+08|54.39              |
                    |:00                       |                   |
-----------------------------------------------------------------
-8.88               |1970-01-01T08:00:00.008+08|-71.04             |
                    |:00                       |                   |
-----------------------------------------------------------------
9.99                |null                      |null               |
-----------------------------------------------------------------
-10.01              |1970-01-01T08:00:00.011+08|-110.11            |
                    |:00                       |                   |
总数目：10
}

Elapsed Time: 0.0.3
-- [1]192:select double,date,double*date from t2 order by time
STRICT{
SQLSTATE : 701: Cannot apply operator: DOUBLE * DATE
}

-- [1]195:select float,int32,float*int32,int64,float*int64,double,float*double from t2 order by time
STRICT{
float(FLOAT)      |int32(INT32)      |_col2(DOUBLE)      |int64(INT64)      |_col4(DOUBLE)      |double(DOUBLE)      |_col6(DOUBLE)      |
-----------------------------------------------------------------------------------------------------------------------------------
-1.1              |null              |null               |-111              |122.10000264644623 |1.11                |-1.2210000264644625|
-----------------------------------------------------------------------------------------------------------------------------------
2.2               |-22               |-48.40000104904175 |null              |null               |-2.22               |-4.88400010585785  |
-----------------------------------------------------------------------------------------------------------------------------------
-3.3              |33                |-108.89999842643738|-333              |1098.8999841213226 |null                |null               |
-----------------------------------------------------------------------------------------------------------------------------------
null              |-44               |null               |444               |null               |-4.44               |null               |
-----------------------------------------------------------------------------------------------------------------------------------
-5.5              |55                |-302.5             |-555              |3052.5             |5.55                |-30.525            |
-----------------------------------------------------------------------------------------------------------------------------------
6.6               |-66               |-435.5999937057495 |666               |4395.5999364852905 |-6.66               |-43.95599936485291 |
-----------------------------------------------------------------------------------------------------------------------------------
-7.7              |77                |-592.8999853134155 |-777              |5982.899851799011  |7.77                |-59.82899851799011 |
-----------------------------------------------------------------------------------------------------------------------------------
8.8               |-88               |-774.400016784668  |888               |7814.400169372559  |-8.88               |-78.1440016937256  |
-----------------------------------------------------------------------------------------------------------------------------------
-9.9              |99                |-980.0999622344971 |-999              |9890.099618911743  |9.99                |-98.90099618911744 |
-----------------------------------------------------------------------------------------------------------------------------------
10.1              |-10               |-101.00000381469727|100               |1010.0000381469727 |-10.01              |-101.10100381851196|
总数目：10
}

Elapsed Time: 0.0.4
-- [1]196:select float,boolean,float*boolean from t2 order by time
STRICT{
SQLSTATE : 701: Cannot apply operator: FLOAT * BOOLEAN
}
-- [1]198:select float,text,float*text from t2 order by time
STRICT{
SQLSTATE : 701: Cannot apply operator: FLOAT * TEXT
}
-- [1]200:select float,string,float*string from t2 order by time
STRICT{
SQLSTATE : 701: Cannot apply operator: FLOAT * STRING
}
-- [1]202:select float,blob,float*blob from t2 order by time
STRICT{
SQLSTATE : 701: Cannot apply operator: FLOAT * BLOB
}

-- [1]204:select float,timestamp,float*timestamp from t2 order by time
STRICT{
float(FLOAT)      |timestamp(TIMESTAMP)      |_col2(DOUBLE)      |
---------------------------------------------------------------
-1.1              |1970-01-01T08:00:00.001+08|-1.100000023841858 |
                  |:00                       |                   |
---------------------------------------------------------------
2.2               |1970-01-01T08:00:00.002+08|4.400000095367432  |
                  |:00                       |                   |
---------------------------------------------------------------
-3.3              |1970-01-01T08:00:00.003+08|-9.899999856948853 |
                  |:00                       |                   |
---------------------------------------------------------------
null              |1970-01-01T08:00:00.004+08|null               |
                  |:00                       |                   |
---------------------------------------------------------------
-5.5              |1970-01-01T08:00:00.005+08|-27.5              |
                  |:00                       |                   |
---------------------------------------------------------------
6.6               |1970-01-01T08:00:00.006+08|39.59999942779541  |
                  |:00                       |                   |
---------------------------------------------------------------
-7.7              |1970-01-01T08:00:00.007+08|-53.89999866485596 |
                  |:00                       |                   |
---------------------------------------------------------------
8.8               |1970-01-01T08:00:00.008+08|70.4000015258789   |
                  |:00                       |                   |
---------------------------------------------------------------
-9.9              |null                      |null               |
---------------------------------------------------------------
10.1              |1970-01-01T08:00:00.011+08|111.10000419616699 |
                  |:00                       |                   |
总数目：10
}

Elapsed Time: 0.0.3
-- [1]205:select float,date,float*date from t2 order by time
STRICT{
SQLSTATE : 701: Cannot apply operator: FLOAT * DATE
}

-- [1]209:select int32,int64,int32/int64,double,int32/double,float,int32/float from t2 order by time
STRICT{
int32(INT32)      |int64(INT64)      |_col2(DOUBLE)      |double(DOUBLE)      |_col4(DOUBLE)      |float(FLOAT)      |_col6(DOUBLE)      |
-----------------------------------------------------------------------------------------------------------------------------------
null              |-111              |null               |1.11                |null               |-1.1              |null               |
-----------------------------------------------------------------------------------------------------------------------------------
-22               |null              |null               |-2.22               |9.909909909909908  |2.2               |-9.999999783255841 |
-----------------------------------------------------------------------------------------------------------------------------------
33                |-333              |-0.0990990990990991|null                |null               |-3.3              |-10.000000144496111|
-----------------------------------------------------------------------------------------------------------------------------------
-44               |444               |-0.0990990990990991|-4.44               |9.909909909909908  |null              |null               |
-----------------------------------------------------------------------------------------------------------------------------------
55                |-555              |-0.0990990990990991|5.55                |9.90990990990991   |-5.5              |-10.0              |
-----------------------------------------------------------------------------------------------------------------------------------
-66               |666               |-0.0990990990990991|-6.66               |9.90990990990991   |6.6               |-10.000000144496111|
-----------------------------------------------------------------------------------------------------------------------------------
77                |-777              |-0.0990990990990991|7.77                |9.90990990990991   |-7.7              |-10.000000247707622|
-----------------------------------------------------------------------------------------------------------------------------------
-88               |888               |-0.0990990990990991|-8.88               |9.909909909909908  |8.8               |-9.999999783255841 |
-----------------------------------------------------------------------------------------------------------------------------------
99                |-999              |-0.0990990990990991|9.99                |9.90990990990991   |-9.9              |-10.000000385322972|
-----------------------------------------------------------------------------------------------------------------------------------
-10               |100               |-0.1               |-10.01              |0.999000999000999  |10.1              |-0.9900989725056649|
总数目：10
}

Elapsed Time: 0.0.3
-- [1]210:select int32,boolean,int32/boolean from t2 order by time
STRICT{
SQLSTATE : 701: Cannot apply operator: INT32 / BOOLEAN
}
-- [1]212:select int32,text,int32/text from t2 order by time
STRICT{
SQLSTATE : 701: Cannot apply operator: INT32 / TEXT
}
-- [1]214:select int32,string,int32/string from t2 order by time
STRICT{
SQLSTATE : 701: Cannot apply operator: INT32 / STRING
}
-- [1]216:select int32,blob,int32/blob from t2 order by time
STRICT{
SQLSTATE : 701: Cannot apply operator: INT32 / BLOB
}

-- [1]218:select int32,timestamp,int32/timestamp from t2 order by time
STRICT{
int32(INT32)      |timestamp(TIMESTAMP)      |_col2(DOUBLE)      |
---------------------------------------------------------------
null              |1970-01-01T08:00:00.001+08|null               |
                  |:00                       |                   |
---------------------------------------------------------------
-22               |1970-01-01T08:00:00.002+08|-11.0              |
                  |:00                       |                   |
---------------------------------------------------------------
33                |1970-01-01T08:00:00.003+08|11.0               |
                  |:00                       |                   |
---------------------------------------------------------------
-44               |1970-01-01T08:00:00.004+08|-11.0              |
                  |:00                       |                   |
---------------------------------------------------------------
55                |1970-01-01T08:00:00.005+08|11.0               |
                  |:00                       |                   |
---------------------------------------------------------------
-66               |1970-01-01T08:00:00.006+08|-11.0              |
                  |:00                       |                   |
---------------------------------------------------------------
77                |1970-01-01T08:00:00.007+08|11.0               |
                  |:00                       |                   |
---------------------------------------------------------------
-88               |1970-01-01T08:00:00.008+08|-11.0              |
                  |:00                       |                   |
---------------------------------------------------------------
99                |null                      |null               |
---------------------------------------------------------------
-10               |1970-01-01T08:00:00.011+08|-0.9090909090909091|
                  |:00                       |                   |
总数目：10
}

Elapsed Time: 0.0.3
-- [1]219:select int32,date,int32/date from t2 order by time
STRICT{
SQLSTATE : 701: Cannot apply operator: INT32 / DATE
}

-- [1]222:select int64,int32,int64/int32,double,int64/double,float,int64/float from t2 order by time
STRICT{
int64(INT64)      |int32(INT32)      |_col2(DOUBLE)      |double(DOUBLE)      |_col4(DOUBLE)      |float(FLOAT)      |_col6(DOUBLE)      |
-----------------------------------------------------------------------------------------------------------------------------------
-111              |null              |null               |1.11                |-99.99999999999999 |-1.1              |100.90908872194531 |
-----------------------------------------------------------------------------------------------------------------------------------
null              |-22               |null               |-2.22               |null               |2.2               |null               |
-----------------------------------------------------------------------------------------------------------------------------------
-333              |33                |-10.090909090909092|null                |null               |-3.3              |100.90909236718802 |
-----------------------------------------------------------------------------------------------------------------------------------
444               |-44               |-10.090909090909092|-4.44               |-99.99999999999999 |null              |null               |
-----------------------------------------------------------------------------------------------------------------------------------
-555              |55                |-10.090909090909092|5.55                |-100.0             |-5.5              |100.9090909090909  |
-----------------------------------------------------------------------------------------------------------------------------------
666               |-66               |-10.090909090909092|-6.66               |-100.0             |6.6               |100.90909236718802 |
-----------------------------------------------------------------------------------------------------------------------------------
-777              |77                |-10.090909090909092|7.77                |-100.0             |-7.7              |100.90909340868599 |
-----------------------------------------------------------------------------------------------------------------------------------
888               |-88               |-10.090909090909092|-8.88               |-99.99999999999999 |8.8               |100.90908872194531 |
-----------------------------------------------------------------------------------------------------------------------------------
-999              |99                |-10.090909090909092|9.99                |-100.0             |-9.9              |100.90909479734998 |
-----------------------------------------------------------------------------------------------------------------------------------
100               |-10               |-10.0              |-10.01              |-9.990009990009991 |10.1              |9.900989725056649  |
总数目：10
}

Elapsed Time: 0.0.2
-- [1]223:select int64,boolean,int64/boolean from t2 order by time
STRICT{
SQLSTATE : 701: Cannot apply operator: INT64 / BOOLEAN
}
-- [1]225:select int64,text,int64/text from t2 order by time
STRICT{
SQLSTATE : 701: Cannot apply operator: INT64 / TEXT
}
-- [1]227:select int64,string,int64/string from t2 order by time
STRICT{
SQLSTATE : 701: Cannot apply operator: INT64 / STRING
}
-- [1]229:select int64,blob,int64/blob from t2 order by time
STRICT{
SQLSTATE : 701: Cannot apply operator: INT64 / BLOB
}

-- [1]231:select int64,timestamp,int64/timestamp from t2 order by time
STRICT{
int64(INT64)      |timestamp(TIMESTAMP)      |_col2(DOUBLE)      |
---------------------------------------------------------------
-111              |1970-01-01T08:00:00.001+08|-111.0             |
                  |:00                       |                   |
---------------------------------------------------------------
null              |1970-01-01T08:00:00.002+08|null               |
                  |:00                       |                   |
---------------------------------------------------------------
-333              |1970-01-01T08:00:00.003+08|-111.0             |
                  |:00                       |                   |
---------------------------------------------------------------
444               |1970-01-01T08:00:00.004+08|111.0              |
                  |:00                       |                   |
---------------------------------------------------------------
-555              |1970-01-01T08:00:00.005+08|-111.0             |
                  |:00                       |                   |
---------------------------------------------------------------
666               |1970-01-01T08:00:00.006+08|111.0              |
                  |:00                       |                   |
---------------------------------------------------------------
-777              |1970-01-01T08:00:00.007+08|-111.0             |
                  |:00                       |                   |
---------------------------------------------------------------
888               |1970-01-01T08:00:00.008+08|111.0              |
                  |:00                       |                   |
---------------------------------------------------------------
-999              |null                      |null               |
---------------------------------------------------------------
100               |1970-01-01T08:00:00.011+08|9.090909090909092  |
                  |:00                       |                   |
总数目：10
}

Elapsed Time: 0.0.3
-- [1]232:select int64,date,int64/date from t2 order by time
STRICT{
SQLSTATE : 701: Cannot apply operator: INT64 / DATE
}

-- [1]235:select double,int32,double/int32,int64,double/int64,float,double/float from t2 order by time
STRICT{
double(DOUBLE)      |int32(INT32)      |_col2(DOUBLE)      |int64(INT64)      |_col4(DOUBLE)      |float(FLOAT)      |_col6(DOUBLE)      |
-----------------------------------------------------------------------------------------------------------------------------------
1.11                |null              |null               |-111              |-0.01              |-1.1              |-1.0090908872194533|
-----------------------------------------------------------------------------------------------------------------------------------
-2.22               |-22               |0.10090909090909092|null              |null               |2.2               |-1.0090908872194533|
-----------------------------------------------------------------------------------------------------------------------------------
null                |33                |null               |-333              |null               |-3.3              |null               |
-----------------------------------------------------------------------------------------------------------------------------------
-4.44               |-44               |0.10090909090909092|444               |-0.01              |null              |null               |
-----------------------------------------------------------------------------------------------------------------------------------
5.55                |55                |0.1009090909090909 |-555              |-0.01              |-5.5              |-1.009090909090909 |
-----------------------------------------------------------------------------------------------------------------------------------
-6.66               |-66               |0.1009090909090909 |666               |-0.01              |6.6               |-1.0090909236718804|
-----------------------------------------------------------------------------------------------------------------------------------
7.77                |77                |0.1009090909090909 |-777              |-0.01              |-7.7              |-1.00909093408686  |
-----------------------------------------------------------------------------------------------------------------------------------
-8.88               |-88               |0.10090909090909092|888               |-0.01              |8.8               |-1.0090908872194533|
-----------------------------------------------------------------------------------------------------------------------------------
9.99                |99                |0.1009090909090909 |-999              |-0.01              |-9.9              |-1.0090909479734997|
-----------------------------------------------------------------------------------------------------------------------------------
-10.01              |-10               |1.001              |100               |-0.1001            |10.1              |-0.9910890714781706|
总数目：10
}

Elapsed Time: 0.0.3
-- [1]236:select double,boolean,double/boolean from t2 order by time
STRICT{
SQLSTATE : 701: Cannot apply operator: DOUBLE / BOOLEAN
}
-- [1]238:select double,text,double/text from t2 order by time
STRICT{
SQLSTATE : 701: Cannot apply operator: DOUBLE / TEXT
}
-- [1]240:select double,string,double/string from t2 order by time
STRICT{
SQLSTATE : 701: Cannot apply operator: DOUBLE / STRING
}
-- [1]242:select double,blob,double/blob from t2 order by time
STRICT{
SQLSTATE : 701: Cannot apply operator: DOUBLE / BLOB
}

-- [1]244:select double,timestamp,double/timestamp from t2 order by time
STRICT{
double(DOUBLE)      |timestamp(TIMESTAMP)      |_col2(DOUBLE)      |
-----------------------------------------------------------------
1.11                |1970-01-01T08:00:00.001+08|1.11               |
                    |:00                       |                   |
-----------------------------------------------------------------
-2.22               |1970-01-01T08:00:00.002+08|-1.11              |
                    |:00                       |                   |
-----------------------------------------------------------------
null                |1970-01-01T08:00:00.003+08|null               |
                    |:00                       |                   |
-----------------------------------------------------------------
-4.44               |1970-01-01T08:00:00.004+08|-1.11              |
                    |:00                       |                   |
-----------------------------------------------------------------
5.55                |1970-01-01T08:00:00.005+08|1.1099999999999999 |
                    |:00                       |                   |
-----------------------------------------------------------------
-6.66               |1970-01-01T08:00:00.006+08|-1.11              |
                    |:00                       |                   |
-----------------------------------------------------------------
7.77                |1970-01-01T08:00:00.007+08|1.1099999999999999 |
                    |:00                       |                   |
-----------------------------------------------------------------
-8.88               |1970-01-01T08:00:00.008+08|-1.11              |
                    |:00                       |                   |
-----------------------------------------------------------------
9.99                |null                      |null               |
-----------------------------------------------------------------
-10.01              |1970-01-01T08:00:00.011+08|-0.91              |
                    |:00                       |                   |
总数目：10
}

Elapsed Time: 0.0.2
-- [1]245:select double,date,double/date from t2 order by time
STRICT{
SQLSTATE : 701: Cannot apply operator: DOUBLE / DATE
}

-- [1]248:select float,int32,float/int32,int64,float/int64,double,float/double from t2 order by time
STRICT{
float(FLOAT)      |int32(INT32)      |_col2(DOUBLE)      |int64(INT64)      |_col4(DOUBLE)      |double(DOUBLE)      |_col6(DOUBLE)      |
-----------------------------------------------------------------------------------------------------------------------------------
-1.1              |null              |null               |-111              |0.00990991012470142|1.11                |-0.9909910124701422|
                  |                  |                   |                  |2                  |                    |                   |
-----------------------------------------------------------------------------------------------------------------------------------
2.2               |-22               |-0.1000000021674416|null              |null               |-2.22               |-0.9909910124701422|
                  |                  |3                  |                  |                   |                    |                   |
-----------------------------------------------------------------------------------------------------------------------------------
-3.3              |33                |-0.0999999985550389|-333              |0.00990990976671556|null                |null               |
                  |                  |1                  |                  |8                  |                    |                   |
-----------------------------------------------------------------------------------------------------------------------------------
null              |-44               |null               |444               |null               |-4.44               |null               |
-----------------------------------------------------------------------------------------------------------------------------------
-5.5              |55                |-0.1               |-555              |0.00990990990990991|5.55                |-0.990990990990991 |
-----------------------------------------------------------------------------------------------------------------------------------
6.6               |-66               |-0.0999999985550389|666               |0.00990990976671556|-6.66               |-0.9909909766715568|
                  |                  |1                  |                  |8                  |                    |                   |
-----------------------------------------------------------------------------------------------------------------------------------
-7.7              |77                |-0.0999999975229238|-777              |0.00990990966443389|7.77                |-0.9909909664433896|
                  |                  |5                  |                  |5                  |                    |                   |
-----------------------------------------------------------------------------------------------------------------------------------
8.8               |-88               |-0.1000000021674416|888               |0.00990991012470142|-8.88               |-0.9909910124701422|
                  |                  |3                  |                  |2                  |                    |                   |
-----------------------------------------------------------------------------------------------------------------------------------
-9.9              |99                |-0.0999999961467704|-999              |0.00990990952805833|9.99                |-0.9909909528058332|
                  |                  |4                  |                  |1                  |                    |                   |
-----------------------------------------------------------------------------------------------------------------------------------
10.1              |-10               |-1.0100000381469727|100               |0.10100000381469726|-10.01              |-1.0089910470998729|
总数目：10
}

Elapsed Time: 0.0.3
-- [1]249:select float,boolean,float/boolean from t2 order by time
STRICT{
SQLSTATE : 701: Cannot apply operator: FLOAT / BOOLEAN
}
-- [1]251:select float,text,float/text from t2 order by time
STRICT{
SQLSTATE : 701: Cannot apply operator: FLOAT / TEXT
}
-- [1]253:select float,string,float/string from t2 order by time
STRICT{
SQLSTATE : 701: Cannot apply operator: FLOAT / STRING
}
-- [1]255:select float,blob,float/blob from t2 order by time
STRICT{
SQLSTATE : 701: Cannot apply operator: FLOAT / BLOB
}

-- [1]257:select float,timestamp,float/timestamp from t2 order by time
STRICT{
float(FLOAT)      |timestamp(TIMESTAMP)      |_col2(DOUBLE)      |
---------------------------------------------------------------
-1.1              |1970-01-01T08:00:00.001+08|-1.100000023841858 |
                  |:00                       |                   |
---------------------------------------------------------------
2.2               |1970-01-01T08:00:00.002+08|1.100000023841858  |
                  |:00                       |                   |
---------------------------------------------------------------
-3.3              |1970-01-01T08:00:00.003+08|-1.099999984105428 |
                  |:00                       |                   |
---------------------------------------------------------------
null              |1970-01-01T08:00:00.004+08|null               |
                  |:00                       |                   |
---------------------------------------------------------------
-5.5              |1970-01-01T08:00:00.005+08|-1.1               |
                  |:00                       |                   |
---------------------------------------------------------------
6.6               |1970-01-01T08:00:00.006+08|1.099999984105428  |
                  |:00                       |                   |
---------------------------------------------------------------
-7.7              |1970-01-01T08:00:00.007+08|-1.0999999727521623|
                  |:00                       |                   |
---------------------------------------------------------------
8.8               |1970-01-01T08:00:00.008+08|1.100000023841858  |
                  |:00                       |                   |
---------------------------------------------------------------
-9.9              |null                      |null               |
---------------------------------------------------------------
10.1              |1970-01-01T08:00:00.011+08|0.9181818528608843 |
                  |:00                       |                   |
总数目：10
}

Elapsed Time: 0.0.3
-- [1]258:select float,date,float/date from t2 order by time
STRICT{
SQLSTATE : 701: Cannot apply operator: FLOAT / DATE
}

-- [1]262:select int32,int64,int32%int64,double,int32%double,float,int32%float from t2 order by time
STRICT{
int32(INT32)      |int64(INT64)      |_col2(DOUBLE)      |double(DOUBLE)      |_col4(DOUBLE)      |float(FLOAT)      |_col6(DOUBLE)      |
-----------------------------------------------------------------------------------------------------------------------------------
null              |-111              |null               |1.11                |null               |-1.1              |null               |
-----------------------------------------------------------------------------------------------------------------------------------
-22               |null              |null               |-2.22               |-2.0199999999999982|2.2               |-2.1999995708465576|
-----------------------------------------------------------------------------------------------------------------------------------
33                |-333              |33.0               |null                |null               |-3.3              |4.76837158203125E-7|
-----------------------------------------------------------------------------------------------------------------------------------
-44               |444               |-44.0              |-4.44               |-4.0399999999999965|null              |null               |
-----------------------------------------------------------------------------------------------------------------------------------
55                |-555              |55.0               |5.55                |5.050000000000002  |-5.5              |0.0                |
-----------------------------------------------------------------------------------------------------------------------------------
-66               |666               |-66.0              |-6.66               |-6.059999999999999 |6.6               |-9.5367431640625E-7|
-----------------------------------------------------------------------------------------------------------------------------------
77                |-777              |77.0               |7.77                |7.070000000000004  |-7.7              |1.9073486328125E-6 |
-----------------------------------------------------------------------------------------------------------------------------------
-88               |888               |-88.0              |-8.88               |-8.079999999999993 |8.8               |-8.79999828338623  |
-----------------------------------------------------------------------------------------------------------------------------------
99                |-999              |99.0               |9.99                |9.089999999999998  |-9.9              |3.814697265625E-6  |
-----------------------------------------------------------------------------------------------------------------------------------
-10               |100               |-10.0              |-10.01              |-10.0              |10.1              |-10.0              |
总数目：10
}

Elapsed Time: 0.0.3
-- [1]263:select int32,boolean,int32%boolean from t2 order by time
STRICT{
SQLSTATE : 701: Cannot apply operator: INT32 % BOOLEAN
}
-- [1]265:select int32,text,int32%text from t2 order by time
STRICT{
SQLSTATE : 701: Cannot apply operator: INT32 % TEXT
}
-- [1]267:select int32,string,int32%string from t2 order by time
STRICT{
SQLSTATE : 701: Cannot apply operator: INT32 % STRING
}
-- [1]269:select int32,blob,int32%blob from t2 order by time
STRICT{
SQLSTATE : 701: Cannot apply operator: INT32 % BLOB
}

-- [1]271:select int32,timestamp,int32%timestamp from t2 order by time
STRICT{
int32(INT32)      |timestamp(TIMESTAMP)      |_col2(DOUBLE)      |
---------------------------------------------------------------
null              |1970-01-01T08:00:00.001+08|null               |
                  |:00                       |                   |
---------------------------------------------------------------
-22               |1970-01-01T08:00:00.002+08|-0.0               |
                  |:00                       |                   |
---------------------------------------------------------------
33                |1970-01-01T08:00:00.003+08|0.0                |
                  |:00                       |                   |
---------------------------------------------------------------
-44               |1970-01-01T08:00:00.004+08|-0.0               |
                  |:00                       |                   |
---------------------------------------------------------------
55                |1970-01-01T08:00:00.005+08|0.0                |
                  |:00                       |                   |
---------------------------------------------------------------
-66               |1970-01-01T08:00:00.006+08|-0.0               |
                  |:00                       |                   |
---------------------------------------------------------------
77                |1970-01-01T08:00:00.007+08|0.0                |
                  |:00                       |                   |
---------------------------------------------------------------
-88               |1970-01-01T08:00:00.008+08|-0.0               |
                  |:00                       |                   |
---------------------------------------------------------------
99                |null                      |null               |
---------------------------------------------------------------
-10               |1970-01-01T08:00:00.011+08|-10.0              |
                  |:00                       |                   |
总数目：10
}

Elapsed Time: 0.0.3
-- [1]272:select int32,date,int32%date from t2 order by time
STRICT{
SQLSTATE : 701: Cannot apply operator: INT32 % DATE
}

-- [1]275:select int64,int32,int64%int32,double,int64%double,float,int64%float from t2 order by time
STRICT{
int64(INT64)      |int32(INT32)      |_col2(DOUBLE)      |double(DOUBLE)      |_col4(DOUBLE)      |float(FLOAT)      |_col6(DOUBLE)      |
-----------------------------------------------------------------------------------------------------------------------------------
-111              |null              |null               |1.11                |-1.1099999999999903|-1.1              |-0.999997615814209 |
-----------------------------------------------------------------------------------------------------------------------------------
null              |-22               |null               |-2.22               |null               |2.2               |null               |
-----------------------------------------------------------------------------------------------------------------------------------
-333              |33                |-3.0               |null                |null               |-3.3              |-3.000004768371582 |
-----------------------------------------------------------------------------------------------------------------------------------
444               |-44               |4.0                |-4.44               |4.439999999999961  |null              |null               |
-----------------------------------------------------------------------------------------------------------------------------------
-555              |55                |-5.0               |5.55                |-1.7763568394002505|-5.5              |-5.0               |
                  |                  |                   |                    |E-14               |                  |                   |
-----------------------------------------------------------------------------------------------------------------------------------
666               |-66               |6.0                |-6.66               |6.659999999999986  |6.6               |6.000009536743164  |
-----------------------------------------------------------------------------------------------------------------------------------
-777              |77                |-7.0               |7.77                |-4.263256414560601E|-7.7              |-7.000019073486328 |
                  |                  |                   |                    |-14                |                  |                   |
-----------------------------------------------------------------------------------------------------------------------------------
888               |-88               |8.0                |-8.88               |8.879999999999923  |8.8               |7.999980926513672  |
-----------------------------------------------------------------------------------------------------------------------------------
-999              |99                |-9.0               |9.99                |-9.989999999999979 |-9.9              |-9.000038146972656 |
-----------------------------------------------------------------------------------------------------------------------------------
100               |-10               |0.0                |-10.01              |9.910000000000002  |10.1              |9.099996566772461  |
总数目：10
}

Elapsed Time: 0.0.4
-- [1]276:select int64,boolean,int64%boolean from t2 order by time
STRICT{
SQLSTATE : 701: Cannot apply operator: INT64 % BOOLEAN
}
-- [1]278:select int64,text,int64%text from t2 order by time
STRICT{
SQLSTATE : 701: Cannot apply operator: INT64 % TEXT
}
-- [1]280:select int64,string,int64%string from t2 order by time
STRICT{
SQLSTATE : 701: Cannot apply operator: INT64 % STRING
}
-- [1]282:select int64,blob,int64%blob from t2 order by time
STRICT{
SQLSTATE : 701: Cannot apply operator: INT64 % BLOB
}

-- [1]284:select int64,timestamp,int64%timestamp from t2 order by time
STRICT{
int64(INT64)      |timestamp(TIMESTAMP)      |_col2(DOUBLE)      |
---------------------------------------------------------------
-111              |1970-01-01T08:00:00.001+08|-0.0               |
                  |:00                       |                   |
---------------------------------------------------------------
null              |1970-01-01T08:00:00.002+08|null               |
                  |:00                       |                   |
---------------------------------------------------------------
-333              |1970-01-01T08:00:00.003+08|-0.0               |
                  |:00                       |                   |
---------------------------------------------------------------
444               |1970-01-01T08:00:00.004+08|0.0                |
                  |:00                       |                   |
---------------------------------------------------------------
-555              |1970-01-01T08:00:00.005+08|-0.0               |
                  |:00                       |                   |
---------------------------------------------------------------
666               |1970-01-01T08:00:00.006+08|0.0                |
                  |:00                       |                   |
---------------------------------------------------------------
-777              |1970-01-01T08:00:00.007+08|-0.0               |
                  |:00                       |                   |
---------------------------------------------------------------
888               |1970-01-01T08:00:00.008+08|0.0                |
                  |:00                       |                   |
---------------------------------------------------------------
-999              |null                      |null               |
---------------------------------------------------------------
100               |1970-01-01T08:00:00.011+08|1.0                |
                  |:00                       |                   |
总数目：10
}

Elapsed Time: 0.0.3
-- [1]285:select int64,date,int64%date from t2 order by time
STRICT{
SQLSTATE : 701: Cannot apply operator: INT64 % DATE
}

-- [1]288:select double,int32,double%int32,int64,double%int64,float,double%float from t2 order by time
STRICT{
double(DOUBLE)      |int32(INT32)      |_col2(DOUBLE)      |int64(INT64)      |_col4(DOUBLE)      |float(FLOAT)      |_col6(DOUBLE)      |
-----------------------------------------------------------------------------------------------------------------------------------
1.11                |null              |null               |-111              |1.11               |-1.1              |0.00999997615814218|
                    |                  |                   |                  |                   |                  |8                  |
-----------------------------------------------------------------------------------------------------------------------------------
-2.22               |-22               |-2.22              |null              |null               |2.2               |-0.0199999523162843|
                    |                  |                   |                  |                   |                  |75                 |
-----------------------------------------------------------------------------------------------------------------------------------
null                |33                |null               |-333              |null               |-3.3              |null               |
-----------------------------------------------------------------------------------------------------------------------------------
-4.44               |-44               |-4.44              |444               |-4.44              |null              |null               |
-----------------------------------------------------------------------------------------------------------------------------------
5.55                |55                |5.55               |-555              |5.55               |-5.5              |0.04999999999999982|
-----------------------------------------------------------------------------------------------------------------------------------
-6.66               |-66               |-6.66              |666               |-6.66              |6.6               |-0.0600000953674317|
                    |                  |                   |                  |                   |                  |8                  |
-----------------------------------------------------------------------------------------------------------------------------------
7.77                |77                |7.77               |-777              |7.77               |-7.7              |0.07000019073486285|
-----------------------------------------------------------------------------------------------------------------------------------
-8.88               |-88               |-8.88              |888               |-8.88              |8.8               |-0.0799998092651375|
-----------------------------------------------------------------------------------------------------------------------------------
9.99                |99                |9.99               |-999              |9.99               |-9.9              |0.09000038146972678|
-----------------------------------------------------------------------------------------------------------------------------------
-10.01              |-10               |-0.0099999999999997|100               |-10.01             |10.1              |-10.01             |
                    |                  |87                 |                  |                   |                  |                   |
总数目：10
}

Elapsed Time: 0.0.3
-- [1]289:select double,boolean,double%boolean from t2 order by time
STRICT{
SQLSTATE : 701: Cannot apply operator: DOUBLE % BOOLEAN
}
-- [1]291:select double,text,double%text from t2 order by time
STRICT{
SQLSTATE : 701: Cannot apply operator: DOUBLE % TEXT
}
-- [1]293:select double,string,double%string from t2 order by time
STRICT{
SQLSTATE : 701: Cannot apply operator: DOUBLE % STRING
}
-- [1]295:select double,blob,double%blob from t2 order by time
STRICT{
SQLSTATE : 701: Cannot apply operator: DOUBLE % BLOB
}

-- [1]297:select double,timestamp,double%timestamp from t2 order by time
STRICT{
double(DOUBLE)      |timestamp(TIMESTAMP)      |_col2(DOUBLE)      |
-----------------------------------------------------------------
1.11                |1970-01-01T08:00:00.001+08|0.1100000000000001 |
                    |:00                       |                   |
-----------------------------------------------------------------
-2.22               |1970-01-01T08:00:00.002+08|-0.2200000000000002|
                    |:00                       |                   |
-----------------------------------------------------------------
null                |1970-01-01T08:00:00.003+08|null               |
                    |:00                       |                   |
-----------------------------------------------------------------
-4.44               |1970-01-01T08:00:00.004+08|-0.4400000000000004|
                    |:00                       |                   |
-----------------------------------------------------------------
5.55                |1970-01-01T08:00:00.005+08|0.5499999999999998 |
                    |:00                       |                   |
-----------------------------------------------------------------
-6.66               |1970-01-01T08:00:00.006+08|-0.6600000000000001|
                    |:00                       |                   |
-----------------------------------------------------------------
7.77                |1970-01-01T08:00:00.007+08|0.7699999999999996 |
                    |:00                       |                   |
-----------------------------------------------------------------
-8.88               |1970-01-01T08:00:00.008+08|-0.8800000000000008|
                    |:00                       |                   |
-----------------------------------------------------------------
9.99                |null                      |null               |
-----------------------------------------------------------------
-10.01              |1970-01-01T08:00:00.011+08|-10.01             |
                    |:00                       |                   |
总数目：10
}

Elapsed Time: 0.0.4
-- [1]298:select double,date,double%date from t2 order by time
STRICT{
SQLSTATE : 701: Cannot apply operator: DOUBLE % DATE
}

-- [1]301:select float,int32,float%int32,int64,float%int64,double,float%double from t2 order by time
STRICT{
float(FLOAT)      |int32(INT32)      |_col2(DOUBLE)      |int64(INT64)      |_col4(DOUBLE)      |double(DOUBLE)      |_col6(DOUBLE)      |
-----------------------------------------------------------------------------------------------------------------------------------
-1.1              |null              |null               |-111              |-1.100000023841858 |1.11                |-1.100000023841858 |
-----------------------------------------------------------------------------------------------------------------------------------
2.2               |-22               |2.200000047683716  |null              |null               |-2.22               |2.200000047683716  |
-----------------------------------------------------------------------------------------------------------------------------------
-3.3              |33                |-3.299999952316284 |-333              |-3.299999952316284 |null                |null               |
-----------------------------------------------------------------------------------------------------------------------------------
null              |-44               |null               |444               |null               |-4.44               |null               |
-----------------------------------------------------------------------------------------------------------------------------------
-5.5              |55                |-5.5               |-555              |-5.5               |5.55                |-5.5               |
-----------------------------------------------------------------------------------------------------------------------------------
6.6               |-66               |6.599999904632568  |666               |6.599999904632568  |-6.66               |6.599999904632568  |
-----------------------------------------------------------------------------------------------------------------------------------
-7.7              |77                |-7.699999809265137 |-777              |-7.699999809265137 |7.77                |-7.699999809265137 |
-----------------------------------------------------------------------------------------------------------------------------------
8.8               |-88               |8.800000190734863  |888               |8.800000190734863  |-8.88               |8.800000190734863  |
-----------------------------------------------------------------------------------------------------------------------------------
-9.9              |99                |-9.899999618530273 |-999              |-9.899999618530273 |9.99                |-9.899999618530273 |
-----------------------------------------------------------------------------------------------------------------------------------
10.1              |-10               |0.10000038146972656|100               |10.100000381469727 |-10.01              |0.09000038146972678|
总数目：10
}

Elapsed Time: 0.0.3
-- [1]302:select float,boolean,float%boolean from t2 order by time
STRICT{
SQLSTATE : 701: Cannot apply operator: FLOAT % BOOLEAN
}
-- [1]304:select float,text,float%text from t2 order by time
STRICT{
SQLSTATE : 701: Cannot apply operator: FLOAT % TEXT
}
-- [1]306:select float,string,float%string from t2 order by time
STRICT{
SQLSTATE : 701: Cannot apply operator: FLOAT % STRING
}
-- [1]308:select float,blob,float%blob from t2 order by time
STRICT{
SQLSTATE : 701: Cannot apply operator: FLOAT % BLOB
}

-- [1]310:select float,timestamp,float%timestamp from t2 order by time
STRICT{
float(FLOAT)      |timestamp(TIMESTAMP)      |_col2(DOUBLE)      |
---------------------------------------------------------------
-1.1              |1970-01-01T08:00:00.001+08|-0.1000000238418579|
                  |:00                       |1                  |
---------------------------------------------------------------
2.2               |1970-01-01T08:00:00.002+08|0.20000004768371582|
                  |:00                       |                   |
---------------------------------------------------------------
-3.3              |1970-01-01T08:00:00.003+08|-0.2999999523162842|
                  |:00                       |                   |
---------------------------------------------------------------
null              |1970-01-01T08:00:00.004+08|null               |
                  |:00                       |                   |
---------------------------------------------------------------
-5.5              |1970-01-01T08:00:00.005+08|-0.5               |
                  |:00                       |                   |
---------------------------------------------------------------
6.6               |1970-01-01T08:00:00.006+08|0.5999999046325684 |
                  |:00                       |                   |
---------------------------------------------------------------
-7.7              |1970-01-01T08:00:00.007+08|-0.6999998092651367|
                  |:00                       |                   |
---------------------------------------------------------------
8.8               |1970-01-01T08:00:00.008+08|0.8000001907348633 |
                  |:00                       |                   |
---------------------------------------------------------------
-9.9              |null                      |null               |
---------------------------------------------------------------
10.1              |1970-01-01T08:00:00.011+08|10.100000381469727 |
                  |:00                       |                   |
总数目：10
}

Elapsed Time: 0.0.3
-- [1]311:select float,date,float%date from t2 order by time
STRICT{
SQLSTATE : 701: Cannot apply operator: FLOAT % DATE
}

-- [1]315:select int32,int32+100,int32-100,int32*100,int32/100,int32%100 from t2 order by time
STRICT{
int32(INT32)      |_col1(DOUBLE)      |_col2(DOUBLE)      |_col3(DOUBLE)      |_col4(DOUBLE)      |_col5(DOUBLE)      |
-----------------------------------------------------------------------------------------------------------------
-22               |78.0               |-122.0             |-2200.0            |-0.22              |-22.0              |
-----------------------------------------------------------------------------------------------------------------
33                |133.0              |-67.0              |3300.0             |0.33               |33.0               |
-----------------------------------------------------------------------------------------------------------------
-44               |56.0               |-144.0             |-4400.0            |-0.44              |-44.0              |
-----------------------------------------------------------------------------------------------------------------
55                |155.0              |-45.0              |5500.0             |0.55               |55.0               |
-----------------------------------------------------------------------------------------------------------------
-66               |34.0               |-166.0             |-6600.0            |-0.66              |-66.0              |
-----------------------------------------------------------------------------------------------------------------
77                |177.0              |-23.0              |7700.0             |0.77               |77.0               |
-----------------------------------------------------------------------------------------------------------------
-88               |12.0               |-188.0             |-8800.0            |-0.88              |-88.0              |
-----------------------------------------------------------------------------------------------------------------
99                |199.0              |-1.0               |9900.0             |0.99               |99.0               |
-----------------------------------------------------------------------------------------------------------------
-10               |90.0               |-110.0             |-1000.0            |-0.1               |-10.0              |
总数目：9
}

Elapsed Time: 0.0.4

-- [1]316:select int64,int64+100,int64-100,int64*100,int64/100,int64%100 from t2 order by time
STRICT{
int64(INT64)      |_col1(DOUBLE)      |_col2(DOUBLE)      |_col3(DOUBLE)      |_col4(DOUBLE)      |_col5(DOUBLE)      |
-----------------------------------------------------------------------------------------------------------------
-111              |-11.0              |-211.0             |-11100.0           |-1.11              |-11.0              |
-----------------------------------------------------------------------------------------------------------------
-333              |-233.0             |-433.0             |-33300.0           |-3.33              |-33.0              |
-----------------------------------------------------------------------------------------------------------------
444               |544.0              |344.0              |44400.0            |4.44               |44.0               |
-----------------------------------------------------------------------------------------------------------------
-555              |-455.0             |-655.0             |-55500.0           |-5.55              |-55.0              |
-----------------------------------------------------------------------------------------------------------------
666               |766.0              |566.0              |66600.0            |6.66               |66.0               |
-----------------------------------------------------------------------------------------------------------------
-777              |-677.0             |-877.0             |-77700.0           |-7.77              |-77.0              |
-----------------------------------------------------------------------------------------------------------------
888               |988.0              |788.0              |88800.0            |8.88               |88.0               |
-----------------------------------------------------------------------------------------------------------------
-999              |-899.0             |-1099.0            |-99900.0           |-9.99              |-99.0              |
-----------------------------------------------------------------------------------------------------------------
100               |200.0              |0.0                |10000.0            |1.0                |0.0                |
总数目：9
}

Elapsed Time: 0.0.3

-- [1]317:select double,double+100,double-100,double*100,double/100,double%100 from t2 order by time
STRICT{
double(DOUBLE)      |_col1(DOUBLE)      |_col2(DOUBLE)      |_col3(DOUBLE)      |_col4(DOUBLE)      |_col5(DOUBLE)      |
-------------------------------------------------------------------------------------------------------------------
1.11                |101.11             |-98.89             |111.00000000000001 |0.0111             |1.11               |
-------------------------------------------------------------------------------------------------------------------
-2.22               |97.78              |-102.22            |-222.00000000000003|-0.0222            |-2.22              |
-------------------------------------------------------------------------------------------------------------------
-4.44               |95.56              |-104.44            |-444.00000000000006|-0.0444            |-4.44              |
-------------------------------------------------------------------------------------------------------------------
5.55                |105.55             |-94.45             |555.0              |0.0555             |5.55               |
-------------------------------------------------------------------------------------------------------------------
-6.66               |93.34              |-106.66            |-666.0             |-0.0666            |-6.66              |
-------------------------------------------------------------------------------------------------------------------
7.77                |107.77             |-92.23             |777.0              |0.07769999999999999|7.77               |
-------------------------------------------------------------------------------------------------------------------
-8.88               |91.12              |-108.88            |-888.0000000000001 |-0.0888            |-8.88              |
-------------------------------------------------------------------------------------------------------------------
9.99                |109.99             |-90.01             |999.0              |0.0999             |9.99               |
-------------------------------------------------------------------------------------------------------------------
-10.01              |89.99              |-110.01            |-1001.0            |-0.1001            |-10.01             |
总数目：9
}

Elapsed Time: 0.0.3

-- [1]318:select float,float+100,float-100,float*100,float/100,float%100 from t2 order by time
STRICT{
float(FLOAT)      |_col1(DOUBLE)      |_col2(DOUBLE)      |_col3(DOUBLE)      |_col4(DOUBLE)      |_col5(DOUBLE)      |
-----------------------------------------------------------------------------------------------------------------
-1.1              |98.89999997615814  |-101.10000002384186|-110.00000238418579|-0.0110000002384185|-1.100000023841858 |
                  |                   |                   |                   |8                  |                   |
-----------------------------------------------------------------------------------------------------------------
2.2               |102.20000004768372 |-97.79999995231628 |220.00000476837158 |0.02200000047683716|2.200000047683716  |
-----------------------------------------------------------------------------------------------------------------
-3.3              |96.70000004768372  |-103.29999995231628|-329.9999952316284 |-0.0329999995231628|-3.299999952316284 |
                  |                   |                   |                   |4                  |                   |
-----------------------------------------------------------------------------------------------------------------
-5.5              |94.5               |-105.5             |-550.0             |-0.055             |-5.5               |
-----------------------------------------------------------------------------------------------------------------
6.6               |106.59999990463257 |-93.40000009536743 |659.9999904632568  |0.06599999904632568|6.599999904632568  |
-----------------------------------------------------------------------------------------------------------------
-7.7              |92.30000019073486  |-107.69999980926514|-769.9999809265137 |-0.0769999980926513|-7.699999809265137 |
                  |                   |                   |                   |7                  |                   |
-----------------------------------------------------------------------------------------------------------------
8.8               |108.80000019073486 |-91.19999980926514 |880.0000190734863  |0.08800000190734864|8.800000190734863  |
-----------------------------------------------------------------------------------------------------------------
-9.9              |90.10000038146973  |-109.89999961853027|-989.9999618530273 |-0.0989999961853027|-9.899999618530273 |
                  |                   |                   |                   |4                  |                   |
-----------------------------------------------------------------------------------------------------------------
10.1              |110.10000038146973 |-89.89999961853027 |1010.0000381469727 |0.10100000381469726|10.100000381469727 |
总数目：9
}

Elapsed Time: 0.0.4

-- [1]319:select timestamp,timestamp+100,timestamp-100,timestamp*100,timestamp/100,timestamp%100 from t2 order by time
STRICT{
timestamp(TIMESTAMP)      |_col1(DOUBLE)      |_col2(DOUBLE)      |_col3(DOUBLE)      |_col4(DOUBLE)      |_col5(DOUBLE)      |
-------------------------------------------------------------------------------------------------------------------------
1970-01-01T08:00:00.001+08|101.0              |-99.0              |100.0              |0.01               |1.0                |
:00                       |                   |                   |                   |                   |                   |
-------------------------------------------------------------------------------------------------------------------------
1970-01-01T08:00:00.002+08|102.0              |-98.0              |200.0              |0.02               |2.0                |
:00                       |                   |                   |                   |                   |                   |
-------------------------------------------------------------------------------------------------------------------------
1970-01-01T08:00:00.003+08|103.0              |-97.0              |300.0              |0.03               |3.0                |
:00                       |                   |                   |                   |                   |                   |
-------------------------------------------------------------------------------------------------------------------------
1970-01-01T08:00:00.004+08|104.0              |-96.0              |400.0              |0.04               |4.0                |
:00                       |                   |                   |                   |                   |                   |
-------------------------------------------------------------------------------------------------------------------------
1970-01-01T08:00:00.005+08|105.0              |-95.0              |500.0              |0.05               |5.0                |
:00                       |                   |                   |                   |                   |                   |
-------------------------------------------------------------------------------------------------------------------------
1970-01-01T08:00:00.006+08|106.0              |-94.0              |600.0              |0.06               |6.0                |
:00                       |                   |                   |                   |                   |                   |
-------------------------------------------------------------------------------------------------------------------------
1970-01-01T08:00:00.007+08|107.0              |-93.0              |700.0              |0.07               |7.0                |
:00                       |                   |                   |                   |                   |                   |
-------------------------------------------------------------------------------------------------------------------------
1970-01-01T08:00:00.008+08|108.0              |-92.0              |800.0              |0.08               |8.0                |
:00                       |                   |                   |                   |                   |                   |
-------------------------------------------------------------------------------------------------------------------------
1970-01-01T08:00:00.011+08|111.0              |-89.0              |1100.0             |0.11               |11.0               |
:00                       |                   |                   |                   |                   |                   |
总数目：9
}

Elapsed Time: 0.0.3

-- [1]322:select int32,+int32,-int32 from t2 order by time
STRICT{
int32(INT32)      |_col1(INT32)      |_col2(DOUBLE)      |
-------------------------------------------------------
-22               |-22               |22.0               |
-------------------------------------------------------
33                |33                |-33.0              |
-------------------------------------------------------
-44               |-44               |44.0               |
-------------------------------------------------------
55                |55                |-55.0              |
-------------------------------------------------------
-66               |-66               |66.0               |
-------------------------------------------------------
77                |77                |-77.0              |
-------------------------------------------------------
-88               |-88               |88.0               |
-------------------------------------------------------
99                |99                |-99.0              |
-------------------------------------------------------
-10               |-10               |10.0               |
总数目：9
}

Elapsed Time: 0.0.4

-- [1]323:select int64,+int64,-int64 from t2 order by time
STRICT{
int64(INT64)      |_col1(INT64)      |_col2(DOUBLE)      |
-------------------------------------------------------
-111              |-111              |111.0              |
-------------------------------------------------------
-333              |-333              |333.0              |
-------------------------------------------------------
444               |444               |-444.0             |
-------------------------------------------------------
-555              |-555              |555.0              |
-------------------------------------------------------
666               |666               |-666.0             |
-------------------------------------------------------
-777              |-777              |777.0              |
-------------------------------------------------------
888               |888               |-888.0             |
-------------------------------------------------------
-999              |-999              |999.0              |
-------------------------------------------------------
100               |100               |-100.0             |
总数目：9
}

Elapsed Time: 0.0.3

-- [1]324:select float,+float,-float from t2 order by time
STRICT{
float(FLOAT)      |_col1(FLOAT)      |_col2(DOUBLE)      |
-------------------------------------------------------
-1.1              |-1.1              |1.100000023841858  |
-------------------------------------------------------
2.2               |2.2               |-2.200000047683716 |
-------------------------------------------------------
-3.3              |-3.3              |3.299999952316284  |
-------------------------------------------------------
-5.5              |-5.5              |5.5                |
-------------------------------------------------------
6.6               |6.6               |-6.599999904632568 |
-------------------------------------------------------
-7.7              |-7.7              |7.699999809265137  |
-------------------------------------------------------
8.8               |8.8               |-8.800000190734863 |
-------------------------------------------------------
-9.9              |-9.9              |9.899999618530273  |
-------------------------------------------------------
10.1              |10.1              |-10.100000381469727|
总数目：9
}

Elapsed Time: 0.0.2

-- [1]325:select double,+double,-double from t2 order by time
STRICT{
double(DOUBLE)      |_col1(DOUBLE)      |_col2(DOUBLE)      |
----------------------------------------------------------
1.11                |1.11               |-1.11              |
----------------------------------------------------------
-2.22               |-2.22              |2.22               |
----------------------------------------------------------
-4.44               |-4.44              |4.44               |
----------------------------------------------------------
5.55                |5.55               |-5.55              |
----------------------------------------------------------
-6.66               |-6.66              |6.66               |
----------------------------------------------------------
7.77                |7.77               |-7.77              |
----------------------------------------------------------
-8.88               |-8.88              |8.88               |
----------------------------------------------------------
9.99                |9.99               |-9.99              |
----------------------------------------------------------
-10.01              |-10.01             |10.01              |
总数目：9
}

Elapsed Time: 0.0.3
-- [1]326:select boolean,+boolean,-boolean from t2 order by time
STRICT{
SQLSTATE : 701: Unary '+' operator cannot by applied to BOOLEAN type
}
-- [1]328:select text,+text,-text from t2 order by time
STRICT{
SQLSTATE : 701: Unary '+' operator cannot by applied to TEXT type
}
-- [1]330:select string,+string,-string from t2 order by time
STRICT{
SQLSTATE : 701: Unary '+' operator cannot by applied to STRING type
}
-- [1]332:select blob,+blob,-blob from t2 order by time
STRICT{
SQLSTATE : 701: Unary '+' operator cannot by applied to BLOB type
EXPECT:PASS
}

-- [1]333:select timestamp,+timestamp,-timestamp from t2 order by time
STRICT{
timestamp(TIMESTAMP)      |_col1(TIMESTAMP)      |_col2(DOUBLE)      |
-------------------------------------------------------------------
1970-01-01T08:00:00.001+08|1970-01-01T08:00:00.00|-1.0               |
:00                       |1+08:00               |                   |
-------------------------------------------------------------------
1970-01-01T08:00:00.002+08|1970-01-01T08:00:00.00|-2.0               |
:00                       |2+08:00               |                   |
-------------------------------------------------------------------
1970-01-01T08:00:00.003+08|1970-01-01T08:00:00.00|-3.0               |
:00                       |3+08:00               |                   |
-------------------------------------------------------------------
1970-01-01T08:00:00.004+08|1970-01-01T08:00:00.00|-4.0               |
:00                       |4+08:00               |                   |
-------------------------------------------------------------------
1970-01-01T08:00:00.005+08|1970-01-01T08:00:00.00|-5.0               |
:00                       |5+08:00               |                   |
-------------------------------------------------------------------
1970-01-01T08:00:00.006+08|1970-01-01T08:00:00.00|-6.0               |
:00                       |6+08:00               |                   |
-------------------------------------------------------------------
1970-01-01T08:00:00.007+08|1970-01-01T08:00:00.00|-7.0               |
:00                       |7+08:00               |                   |
-------------------------------------------------------------------
1970-01-01T08:00:00.008+08|1970-01-01T08:00:00.00|-8.0               |
:00                       |8+08:00               |                   |
-------------------------------------------------------------------
1970-01-01T08:00:00.011+08|1970-01-01T08:00:00.01|-11.0              |
:00                       |1+08:00               |                   |
总数目：9
}

Elapsed Time: 0.0.3
-- [1]334:select date,+date,-date from t2 order by time
STRICT{
SQLSTATE : 701: Unary '+' operator cannot by applied to DATE type
}

-- [1]336:select int32,+int32,-int32 from t2 order by time limit 5
STRICT{
int32(INT32)      |_col1(INT32)      |_col2(DOUBLE)      |
-------------------------------------------------------
-22               |-22               |22.0               |
-------------------------------------------------------
33                |33                |-33.0              |
-------------------------------------------------------
-44               |-44               |44.0               |
-------------------------------------------------------
55                |55                |-55.0              |
-------------------------------------------------------
-66               |-66               |66.0               |
总数目：5
}

Elapsed Time: 0.0.3

-- [1]337:select int32,+int32,-int32 from t2 order by time offset 3 limit 2
STRICT{
int32(INT32)      |_col1(INT32)      |_col2(DOUBLE)      |
-------------------------------------------------------
55                |55                |-55.0              |
-------------------------------------------------------
-66               |-66               |66.0               |
总数目：2
}

Elapsed Time: 0.0.3
